queryId,avatar_name,avatar_id,language,city,date,mobile,user_history,submitted
0,procrastinators,41279,czech,rome,1,1,0,0
91,procrastinators-39,55930,greek,rome,3,1,0,0
96,procrastinators-41,55933,finnish,rome,0,0,0,0
103,mostafa-2,56141,swedish,vienna,2,0,0,0
104,mostafa-3,56142,hungarian,valletta,3,0,0,0
119,mostafa-10,56149,french,sofia,1,0,0,0
127,mostafa-16,56155,luxembourgish,valletta,3,0,0,0
128,mostafa-17,56156,lithuanian,amsterdam,4,0,0,0
132,beltran-2,56159,slovakian,rome,0,0,0,0
137,beltran-7,56164,estonian,amsterdam,1,1,0,0
146,beltran-13,56170,hungarian,rome,0,0,0,0
152,beltran-18,56175,polish,vilnius,1,0,0,0
154,beltran-20,56177,portuguese,amsterdam,1,1,0,0
170,beltran-25,56182,greek,vilnius,0,1,0,0
178,beltran-29,56186,portuguese,paris,3,1,0,0
195,badie-7,56194,latvian,valletta,0,1,0,0
205,badie-12,56199,french,vienna,0,1,0,0
209,mldmprocrastinators-2,56202,cypriot,madrid,2,0,0,0
210,mldmprocrastinators-3,56203,greek,rome,8,0,0,0
219,mldmprocrastinators-8,56208,estonian,copenhagen,20,1,0,0
229,mldmprocrastinators-12,56212,bulgarian,rome,4,1,0,0
230,mldmprocrastinators-13,56213,dutch,sofia,1,0,0,0
236,mldmprocrastinators-16,56216,danish,rome,0,1,0,0
250,mldmprocrastinators-21,56221,slovene,vienna,8,0,0,0
283,mldmprocrastinators-36,56236,luxembourgish,amsterdam,12,1,0,0
293,mldmprocrastinators-41,56241,hungarian,copenhagen,3,0,0,0
300,mldmprocrastinators-45,56245,polish,rome,3,1,0,0
302,mldmprocrastinators-47,56247,bulgarian,copenhagen,0,1,0,0
304,mldmprocrastinators-49,56249,cypriot,amsterdam,0,1,0,0
310,mldmprocrastinators-52,56252,maltese,amsterdam,8,1,0,0
315,mldmprocrastinators-55,56255,croatian,amsterdam,2,1,0,0
324,mldmprocrastinators-60,56260,italian,valletta,0,1,0,0
325,mldmprocrastinators-61,56261,croatian,valletta,1,1,0,0
327,mldmprocrastinators-63,56263,luxembourgish,vilnius,2,1,0,0
332,mldmprocrastinators-65,56265,portuguese,amsterdam,2,0,0,0
351,mldmprocrastinators-74,56274,slovene,vilnius,0,0,0,0
357,mldmprocrastinators-77,56277,slovene,amsterdam,0,0,0,0
358,mldmprocrastinators-78,56278,latvian,copenhagen,2,1,0,0
359,mldmprocrastinators-79,56279,bulgarian,valletta,4,1,0,0
360,mldmprocrastinators-80,56280,danish,copenhagen,12,0,0,0
362,mldmprocrastinators-82,56282,croatian,sofia,0,0,0,0
363,mldmprocrastinators-83,56283,german,amsterdam,4,1,0,0
365,mldmprocrastinators-85,56285,romanian,vilnius,1,0,0,0
374,mldmprocrastinators-90,56290,danish,valletta,20,0,0,0
384,mldmprocrastinators-95,56295,polish,amsterdam,0,1,0,0
386,mldmprocrastinators-97,56297,czech,vilnius,2,1,0,0
396,mldmprocrastinators-101,56301,dutch,rome,4,1,0,0
404,mldmprocrastinators-105,56305,estonian,vienna,0,1,0,0
427,procrastinators-45,56307,maltese,sofia,12,0,0,0
430,procrastinators-47,56309,czech,sofia,0,1,0,0
435,procrastinators-50,56312,irish,amsterdam,16,0,0,0
436,procrastinators-51,56313,cypriot,paris,8,1,0,0
442,procrastinators-55,56317,belgian,rome,4,1,0,0
447,procrastinators-57,56319,hungarian,valletta,8,1,0,0
448,procrastinators-58,56320,hungarian,vienna,1,1,0,0
453,procrastinators-61,56323,lithuanian,vienna,16,1,0,0
466,procrastinators-66,56328,cypriot,vienna,8,1,0,0
467,procrastinators-67,56329,danish,paris,20,1,0,0
468,procrastinators-68,56330,danish,paris,8,0,0,0
497,procrastinators-81,56343,swedish,sofia,8,0,0,0
498,procrastinators-82,56344,french,sofia,0,1,0,0
501,procrastinators-84,56346,swedish,vilnius,4,1,0,0
502,procrastinators-85,56347,finnish,rome,1,0,0,0
505,procrastinators-87,56349,slovene,copenhagen,3,1,0,0
514,beltran-31,56350,slovakian,sofia,1,1,0,0
531,beltran-38,56357,polish,vilnius,2,0,0,0
534,beltran-40,56359,lithuanian,rome,20,0,0,0
537,beltran-42,56361,belgian,amsterdam,0,0,0,0
548,beltran-48,56367,portuguese,sofia,8,1,0,0
558,beltran-52,56371,polish,valletta,1,0,0,0
559,beltran-53,56372,italian,madrid,0,0,0,0
560,beltran-54,56373,slovene,vilnius,3,0,0,0
564,beltran-56,56375,portuguese,amsterdam,2,0,0,0
574,beltran-61,56380,french,vienna,0,1,0,0
591,beltran-69,56388,romanian,rome,2,1,0,0
600,beltran-74,56393,slovene,vienna,12,0,0,0
610,badie-13,56397,danish,rome,4,1,0,0
612,badie-15,56399,hungarian,vienna,4,0,0,0
617,badie-19,56403,greek,valletta,20,0,0,0
627,badie-23,56407,maltese,copenhagen,2,0,0,0
633,badie-26,56410,latvian,rome,3,0,0,0
646,badie-32,56416,italian,vilnius,1,0,0,0
653,badie-35,56419,belgian,valletta,8,0,0,0
654,badie-36,56420,slovene,valletta,0,0,0,0
668,badie-43,56427,spanish,paris,4,0,0,0
678,badie-49,56433,cypriot,paris,2,0,0,0
679,badie-50,56434,bulgarian,paris,8,1,0,0
680,badie-51,56435,danish,amsterdam,16,0,0,0
681,badie-52,56436,french,valletta,8,1,0,0
686,badie-55,56439,maltese,copenhagen,1,1,0,0
687,badie-56,56440,spanish,amsterdam,2,1,0,0
691,badie-59,56443,lithuanian,valletta,20,1,0,0
692,badie-60,56444,austrian,valletta,1,0,0,0
694,badie-62,56446,polish,madrid,2,0,0,0
695,badie-63,56447,slovakian,vienna,0,0,0,0
696,badie-64,56448,bulgarian,madrid,2,1,0,0
699,badie-66,56450,maltese,rome,8,0,0,0
710,mostafa-19,56453,maltese,amsterdam,2,0,0,0
711,mostafa-20,56454,spanish,rome,0,1,0,0
716,mostafa-23,56457,dutch,paris,0,1,0,0
723,mostafa-26,56460,slovene,vilnius,0,0,0,0
726,mostafa-29,56463,cypriot,vienna,4,0,0,0
734,mostafa-33,56467,cypriot,madrid,1,1,0,0
739,mostafa-36,56470,irish,vienna,2,0,0,0
742,mostafa-38,56472,cypriot,sofia,3,0,0,0
743,mostafa-39,56473,danish,madrid,1,1,0,0
747,mostafa-41,56475,spanish,vienna,0,0,0,0
754,mostafa-44,56478,swedish,paris,1,0,0,0
756,mostafa-46,56480,romanian,madrid,0,1,0,0
757,mostafa-47,56481,croatian,vilnius,0,1,0,0
761,mostafa-50,56484,czech,valletta,3,0,0,0
762,mostafa-51,56485,finnish,sofia,3,1,0,0
765,mostafa-53,56487,belgian,amsterdam,12,1,0,0
786,mostafa-63,56497,finnish,vienna,0,1,0,0
787,mostafa-64,56498,spanish,valletta,8,1,0,0
797,mostafa-67,56501,cypriot,copenhagen,4,1,0,0
798,mostafa-68,56502,finnish,copenhagen,3,1,0,0
838,mldmprocrastinators-107,56506,german,copenhagen,8,1,0,0
841,mldmprocrastinators-109,56508,spanish,vilnius,2,1,0,0
845,mldmprocrastinators-111,56510,german,rome,12,0,0,0
855,mldmprocrastinators-115,56514,latvian,paris,3,0,0,0
858,mldmprocrastinators-117,56516,maltese,sofia,3,0,0,0
867,mldmprocrastinators-121,56520,belgian,valletta,3,1,0,0
868,mldmprocrastinators-122,56521,german,madrid,16,1,0,0
873,mldmprocrastinators-125,56524,finnish,madrid,4,1,0,0
874,mldmprocrastinators-126,56525,cypriot,vienna,3,1,0,0
875,mldmprocrastinators-127,56526,polish,vilnius,8,0,0,0
884,mldmprocrastinators-131,56530,romanian,vilnius,0,1,0,0
898,mldmprocrastinators-139,56538,estonian,paris,3,0,0,0
899,mldmprocrastinators-140,56539,swedish,amsterdam,0,0,0,0
901,mldmprocrastinators-142,56541,swedish,vienna,1,1,0,0
904,mldmprocrastinators-144,56543,lithuanian,amsterdam,4,0,0,0
905,mldmprocrastinators-145,56544,greek,vienna,8,1,0,0
909,mldmprocrastinators-147,56546,dutch,rome,3,0,0,0
913,mldmprocrastinators-149,56548,latvian,rome,0,1,0,0
919,mldmprocrastinators-152,56551,italian,vilnius,16,0,0,0
920,mldmprocrastinators-153,56552,danish,paris,4,0,0,0
923,mldmprocrastinators-155,56554,croatian,sofia,0,0,0,0
924,mldmprocrastinators-156,56555,irish,amsterdam,1,0,0,0
926,mldmprocrastinators-158,56557,greek,vilnius,16,0,0,0
930,mldmprocrastinators-160,56559,bulgarian,paris,3,0,0,0
931,mldmprocrastinators-161,56560,danish,paris,1,1,0,0
937,mldmprocrastinators-165,56564,italian,amsterdam,0,0,0,0
949,mldmprocrastinators-170,56569,spanish,amsterdam,12,0,0,0
951,procrastinators-4,55631,maltese,sofia,0,0,0,0
1066,badie-69,67371,romanian,valletta,9,0,0,0
1070,badie-71,67373,czech,copenhagen,7,0,0,0
1098,mostafa-74,67378,finnish,amsterdam,15,0,0,0
1102,pepito-3,67381,latvian,madrid,6,1,0,0
1110,pepito-6,67384,belgian,madrid,14,0,0,0
1113,pepito-8,67386,irish,valletta,16,0,0,0
1121,pepito-12,67390,slovene,amsterdam,12,1,0,0
1130,messi-3,67395,dutch,vienna,11,0,0,0
1131,messi-4,67396,croatian,rome,5,1,0,0
1132,messi-5,67397,austrian,amsterdam,12,1,0,0
1133,messi-6,67398,irish,vilnius,8,1,0,0
1136,messi-8,67400,swedish,paris,13,1,0,0
1152,messi-15,67407,italian,madrid,8,0,0,0
1168,messi-22,67414,latvian,amsterdam,0,1,0,0
1170,messi-24,67416,croatian,madrid,5,1,0,0
1179,avatar-3,69584,finnish,amsterdam,4,1,0,0
1182,avatar-5,69586,estonian,rome,5,0,0,0
1187,avatar-7,69588,cypriot,rome,4,0,0,0
1188,avatar-8,69589,polish,madrid,6,0,0,0
1198,avatar-13,69594,irish,vilnius,3,1,0,0
1213,avatar-19,69600,romanian,madrid,17,0,0,0
1214,avatar-20,69601,lithuanian,rome,2,1,0,0
1215,avatar-21,69602,hungarian,copenhagen,4,0,0,0
1216,avatar-22,69603,croatian,sofia,18,1,0,0
1217,avatar-23,69604,irish,amsterdam,6,1,0,0
1218,avatar-24,69605,croatian,vilnius,4,0,0,0
1219,avatar-25,69606,slovakian,paris,18,0,0,0
1220,avatar-26,69607,maltese,amsterdam,3,0,0,0
1221,avatar-27,69608,lithuanian,vilnius,4,0,0,0
1224,avatar-29,69610,danish,amsterdam,16,1,0,0
1225,avatar-30,69611,slovakian,vienna,1,0,0,0
1226,avatar-31,69612,hungarian,madrid,2,0,0,0
1227,avatar-32,69613,danish,rome,4,0,0,0
1229,kvzqycbf,69616,swedish,copenhagen,15,1,0,0
1230,snfgcobv,69617,hungarian,copenhagen,0,0,0,0
1233,clkrhvpz,69619,finnish,vilnius,16,1,0,0
1234,knmdejou,69620,slovakian,valletta,2,1,0,0
1235,gadybinm,69621,italian,vienna,0,1,0,0
1242,gdqbkhxl,69624,hungarian,vilnius,5,1,0,0
1243,xgcowuin,69625,greek,paris,6,1,0,0
1244,kealsiwh,69626,danish,vienna,18,1,0,0
1251,dijlvaqg,69629,austrian,vilnius,5,1,0,0
1262,geqanywu,69635,romanian,amsterdam,0,1,0,0
1276,jxlekzth,69641,romanian,amsterdam,3,0,0,0
1277,vbpwrxlj,69642,bulgarian,rome,1,1,0,0
1278,drfzpvbm,69643,hungarian,rome,1,1,0,0
1282,ectxulya,69645,hungarian,valletta,16,1,0,0
1283,mwquodtg,69646,estonian,paris,21,0,0,0
1286,procr,75365,romanian,paris,3,1,0,0
1287,procgroup,75366,romanian,paris,3,1,0,0
1437,dpmuylje,76406,austrian,vienna,1,1,0,0
1438,zfjdgxwu,76407,belgian,vienna,1,1,0,0
1439,rnupfgqe,76408,bulgarian,vienna,1,1,0,0
1440,sfpmavzx,76409,croatian,vienna,1,1,0,0
1441,aijlzhuw,76410,cypriot,vienna,1,1,0,0
1442,uzhbmrns,76411,czech,vienna,1,1,0,0
1443,dzapiefx,76412,danish,vienna,1,1,0,0
1444,vhknlsyu,76413,dutch,vienna,1,1,0,0
1445,ychtskqz,76414,estonian,vienna,1,1,0,0
1446,vgsrxlae,76415,finnish,vienna,1,1,0,0
1447,sjplemxc,76416,french,vienna,1,1,0,0
1448,lurbzcts,76417,german,vienna,1,1,0,0
1449,hfnozsud,76418,greek,vienna,1,1,0,0
1450,qvrzbftx,76419,hungarian,vienna,1,1,0,0
1451,wtskymaz,76420,irish,vienna,1,1,0,0
1452,lhspeagk,76421,italian,vienna,1,1,0,0
1453,sbhroiuc,76422,latvian,vienna,1,1,0,0
1454,dpfmzhqu,76423,lithuanian,vienna,1,1,0,0
1455,iuvsbfnj,76424,luxembourgish,vienna,1,1,0,0
1456,yxgiuhlw,76425,maltese,vienna,1,1,0,0
1457,slxibqgu,76426,polish,vienna,1,1,0,0
1458,kpzcgxsh,76427,portuguese,vienna,1,1,0,0
1459,rswgpytv,76428,romanian,vienna,1,1,0,0
1460,mliaucev,76429,slovakian,vienna,1,1,0,0
1461,doanqstp,76430,slovene,vienna,1,1,0,0
1462,atwzrvbd,76431,spanish,vienna,1,1,0,0
1463,kxnmoira,76432,swedish,vienna,1,1,0,0
1464,rfzecxvl,76433,austrian,madrid,2,0,0,0
1465,qdmaufwe,76434,belgian,madrid,2,0,0,0
1466,vfskecrd,76435,bulgarian,madrid,2,0,0,0
1467,ptowlbqd,76436,croatian,madrid,2,0,0,0
1468,fbzvkwid,76437,cypriot,madrid,2,0,0,0
1469,zoylbnqu,76438,czech,madrid,2,0,0,0
1470,ksvhxyaf,76439,danish,madrid,2,0,0,0
1471,pgbdiofy,76440,dutch,madrid,2,0,0,0
1472,utpwbrgy,76441,estonian,madrid,2,0,0,0
1473,aldofnhq,76442,finnish,madrid,2,0,0,0
1474,zxofpvka,76443,french,madrid,2,0,0,0
1475,vgmyinko,76444,german,madrid,2,0,0,0
1476,snflydpg,76445,greek,madrid,2,0,0,0
1477,yxdzqkri,76446,hungarian,madrid,2,0,0,0
1478,obhyrmci,76447,irish,madrid,2,0,0,0
1479,hdpzlfai,76448,italian,madrid,2,0,0,0
1480,qalicymr,76449,latvian,madrid,2,0,0,0
1481,qlfruezd,76450,lithuanian,madrid,2,0,0,0
1482,kapimson,76451,luxembourgish,madrid,2,0,0,0
1483,zicoeplu,76452,maltese,madrid,2,0,0,0
1484,crqdobyu,76453,polish,madrid,2,0,0,0
1485,vibuwogp,76454,portuguese,madrid,2,0,0,0
1486,imqluaje,76455,romanian,madrid,2,0,0,0
1487,jlpqcmir,76456,slovakian,madrid,2,0,0,0
1488,sbdngtpk,76457,slovene,madrid,2,0,0,0
1489,amysdzce,76458,spanish,madrid,2,0,0,0
1490,cerwypmh,76459,swedish,madrid,2,0,0,0
1491,bytjmaus,81059,czech,sofia,2,0,0,0
1492,gcxwklvs,81060,czech,sofia,2,1,0,0
1493,odplvbiq,81061,german,madrid,2,0,0,0
1494,pmxsnqtg,81062,german,madrid,2,1,0,0
1495,dlcympuk,81063,spanish,madrid,6,0,0,0
1496,itverpbu,81064,spanish,madrid,6,1,0,0
1501,ojiypbvu,81069,cypriot,rome,5,0,0,0
1502,elnxryva,81070,cypriot,rome,5,1,0,0
1503,zarlcxkt,81071,belgian,amsterdam,10,0,0,0
1504,utwompax,81072,belgian,amsterdam,10,1,0,0
1507,bocuhkwt,81075,danish,madrid,11,0,0,0
1508,sqndmzhj,81076,danish,madrid,11,1,0,0
1511,vuasmxhw,81079,swedish,paris,19,0,0,0
1512,vnczqwxu,81080,swedish,paris,19,1,0,0
1513,bszpvkdr,81081,austrian,sofia,3,0,0,0
1514,dsbhjvmo,81082,austrian,sofia,3,1,0,0
1523,qikerzuj,81091,swedish,vienna,6,0,0,0
1524,flbekupr,81092,swedish,vienna,6,1,0,0
1525,dhgrsiob,81093,maltese,rome,0,0,0,0
1526,fsjibokm,81094,maltese,rome,0,1,0,0
1527,vlzkygph,81095,irish,vilnius,19,0,0,0
1528,sjimybze,81096,irish,vilnius,19,1,0,0
1529,jvtpisqa,81097,italian,vienna,13,0,0,0
1530,anigbmsj,81098,italian,vienna,13,1,0,0
1537,souvrhjm,81105,spanish,sofia,19,0,0,0
1538,aicqzboe,81106,spanish,sofia,19,1,0,0
1541,gqscuojl,81109,czech,paris,13,0,0,0
1542,qftpmoyr,81110,czech,paris,13,1,0,0
1543,fxsmqpad,81111,lithuanian,copenhagen,4,0,0,0
1544,qhoryabn,81112,lithuanian,copenhagen,4,1,0,0
1551,wqcrjezb,81119,estonian,amsterdam,21,0,0,0
1552,qvoremxh,81120,estonian,amsterdam,21,1,0,0
1553,freuzkln,81121,cypriot,sofia,1,0,0,0
1554,uxbgqrzc,81122,cypriot,sofia,1,1,0,0
1555,kcimzhqe,81123,polish,amsterdam,11,0,0,0
1556,xmeyazjs,81124,polish,amsterdam,11,1,0,0
1557,qrjtmebh,81125,polish,vienna,19,0,0,0
1558,knyflezq,81126,polish,vienna,19,1,0,0
1565,amyirtgj,81133,belgian,vilnius,3,0,0,0
1566,nrkidhsq,81134,belgian,vilnius,3,1,0,0
1567,xtqbgifv,81135,austrian,copenhagen,2,0,0,0
1568,dazrtksv,81136,austrian,copenhagen,2,1,0,0
1569,vnfxzdug,81137,romanian,vilnius,0,0,0,0
1570,semwozxv,81138,romanian,vilnius,0,1,0,0
1571,qvopcend,81139,slovakian,sofia,16,0,0,0
1572,auyibxsh,81140,slovakian,sofia,16,1,0,0
1583,spewqrfo,81151,latvian,rome,2,0,0,0
1584,lckyoevd,81152,latvian,rome,2,1,0,0
1585,hjbogcae,81153,bulgarian,paris,1,0,0,0
1586,bliswtjp,81154,bulgarian,paris,1,1,0,0
1741,ytvpghja,81321,austrian,vilnius,2,1,0,0
1742,dfxtnpic,81322,belgian,vilnius,2,1,0,0
1743,qbmgvapd,81323,bulgarian,vilnius,2,1,0,0
1744,gnqtzurh,81324,croatian,vilnius,2,1,0,0
1745,vwpszrxh,81325,cypriot,vilnius,2,1,0,0
1746,nutwajmi,81326,czech,vilnius,2,1,0,0
1747,qwbaxnoh,81327,danish,vilnius,2,1,0,0
1748,hpixalej,81328,dutch,vilnius,2,1,0,0
1749,blqjzofs,81329,estonian,vilnius,2,1,0,0
1750,dbyktofu,81330,finnish,vilnius,2,1,0,0
1751,luowynmf,81331,french,vilnius,2,1,0,0
1752,ekghqlus,81332,german,vilnius,2,1,0,0
1753,mptzsxwl,81333,greek,vilnius,2,1,0,0
1754,ujkvlmsg,81334,hungarian,vilnius,2,1,0,0
1755,zmcdwjur,81335,irish,vilnius,2,1,0,0
1756,lrfiekps,81336,italian,vilnius,2,1,0,0
1757,ebcpzurf,81337,latvian,vilnius,2,1,0,0
1758,vncwxmyz,81338,lithuanian,vilnius,2,1,0,0
1759,cznqaihy,81339,luxembourgish,vilnius,2,1,0,0
1760,zdvbphuf,81340,maltese,vilnius,2,1,0,0
1761,pyjbxqoz,81341,polish,vilnius,2,1,0,0
1762,xdimyhwu,81342,portuguese,vilnius,2,1,0,0
1763,wgtdlars,81343,romanian,vilnius,2,1,0,0
1764,bvqtgoiy,81344,slovakian,vilnius,2,1,0,0
1765,mrbldcqa,81345,slovene,vilnius,2,1,0,0
1766,tkslhrpb,81346,spanish,vilnius,2,1,0,0
1767,waokgsjh,81347,swedish,vilnius,2,1,0,0
1768,zqusboni,81348,austrian,vilnius,2,1,0,0
1769,wsyorvcq,81349,belgian,vilnius,2,1,0,0
1770,scfhplzr,81350,bulgarian,vilnius,2,1,0,0
1771,vchniumo,81351,croatian,vilnius,2,1,0,0
1772,yhaqdmvn,81352,cypriot,vilnius,2,1,0,0
1773,gkrplqvm,81353,czech,vilnius,2,1,0,0
1774,zfabwnpq,81354,danish,vilnius,2,1,0,0
1775,tlhfckug,81355,dutch,vilnius,2,1,0,0
1776,megxwioz,81356,estonian,vilnius,2,1,0,0
1777,dfhwelms,81357,finnish,vilnius,2,1,0,0
1778,fomsxryz,81358,french,vilnius,2,1,0,0
1779,hjlqveda,81359,german,vilnius,2,1,0,0
1780,etjokmnw,81360,greek,vilnius,2,1,0,0
1781,qruseknf,81361,hungarian,vilnius,2,1,0,0
1782,vxigezky,81362,irish,vilnius,2,1,0,0
1783,dhynpfst,81363,italian,vilnius,2,1,0,0
1784,dhbsxmwc,81364,latvian,vilnius,2,1,0,0
1785,tgcxpeai,81365,lithuanian,vilnius,2,1,0,0
1786,umnkdwsh,81366,luxembourgish,vilnius,2,1,0,0
1787,juvcreys,81367,maltese,vilnius,2,1,0,0
1788,mbgjdxsc,81368,polish,vilnius,2,1,0,0
1789,twgveahb,81369,portuguese,vilnius,2,1,0,0
1790,wilhkmzb,81370,romanian,vilnius,2,1,0,0
1791,hxecjqvt,81371,slovakian,vilnius,2,1,0,0
1792,bojsmagx,81372,slovene,vilnius,2,1,0,0
1793,hubneapg,81373,spanish,vilnius,2,1,0,0
1794,domuagki,81374,swedish,vilnius,2,1,0,0
1795,oqhkrupt,81375,austrian,vilnius,2,1,0,0
1796,cnbdhtyv,81376,belgian,vilnius,2,1,0,0
1797,gkzworhf,81377,bulgarian,vilnius,2,1,0,0
1798,arwuntio,81378,croatian,vilnius,2,1,0,0
1799,nwobqpzr,81379,cypriot,vilnius,2,1,0,0
1800,vabeidux,81380,czech,vilnius,2,1,0,0
1801,dtwisunr,81381,danish,vilnius,2,1,0,0
1802,jkusatop,81382,dutch,vilnius,2,1,0,0
1803,ijdulfyh,81383,estonian,vilnius,2,1,0,0
1804,cidanzug,81384,finnish,vilnius,2,1,0,0
1805,xpagobjf,81385,french,vilnius,2,1,0,0
1806,zvgsipxq,81386,german,vilnius,2,1,0,0
1807,tvwqyaip,81387,greek,vilnius,2,1,0,0
1808,wqydnoix,81388,hungarian,vilnius,2,1,0,0
1809,gbdksfrq,81389,irish,vilnius,2,1,0,0
1810,dapwzgtb,81390,italian,vilnius,2,1,0,0
1811,igvykrjs,81391,latvian,vilnius,2,1,0,0
1812,uhkjsbvl,81392,lithuanian,vilnius,2,1,0,0
1813,bidgrtwq,81393,luxembourgish,vilnius,2,1,0,0
1814,sieavfhp,81394,maltese,vilnius,2,1,0,0
1815,xveqltry,81395,polish,vilnius,2,1,0,0
1816,todfqhea,81396,portuguese,vilnius,2,1,0,0
1817,urkpdqmj,81397,romanian,vilnius,2,1,0,0
1818,uhxmpalj,81398,slovakian,vilnius,2,1,0,0
1819,rxdgnbqu,81399,slovene,vilnius,2,1,0,0
1820,varmyplb,81400,spanish,vilnius,2,1,0,0
1821,tbclnogp,81401,swedish,vilnius,2,1,0,0
1822,vigoehup,81402,austrian,vilnius,2,1,0,0
1823,jypmvhar,81403,belgian,vilnius,2,1,0,0
1824,ybshcump,81404,bulgarian,vilnius,2,1,0,0
1825,ovxqdjri,81405,croatian,vilnius,2,1,0,0
1826,acjbgndv,81406,cypriot,vilnius,2,1,0,0
1827,knxrgizs,81407,czech,vilnius,2,1,0,0
1828,yznjgvem,81408,danish,vilnius,2,1,0,0
1829,iuhezqlo,81409,dutch,vilnius,2,1,0,0
1830,dncsvwtx,81410,estonian,vilnius,2,1,0,0
1831,vwxorgnu,81411,finnish,vilnius,2,1,0,0
1832,zaebkogd,81412,french,vilnius,2,1,0,0
1833,amxckzrb,81413,german,vilnius,2,1,0,0
1834,yrlfcgpu,81414,greek,vilnius,2,1,0,0
1835,simzjrea,81415,hungarian,vilnius,2,1,0,0
1836,bxpjkhdt,81416,irish,vilnius,2,1,0,0
1837,byxveqml,81417,italian,vilnius,2,1,0,0
1838,mtfzlrix,81418,latvian,vilnius,2,1,0,0
1839,ctajswuh,81419,lithuanian,vilnius,2,1,0,0
1840,hebuvpjy,81420,luxembourgish,vilnius,2,1,0,0
1841,dapneqwg,81421,maltese,vilnius,2,1,0,0
1842,dcgbpkox,81422,polish,vilnius,2,1,0,0
1843,fostjbhp,81423,portuguese,vilnius,2,1,0,0
1844,dktxczjy,81424,romanian,vilnius,2,1,0,0
1845,kfdnhpio,81425,slovakian,vilnius,2,1,0,0
1846,levbdrxc,81426,slovene,vilnius,2,1,0,0
1847,hmezkxpg,81427,spanish,vilnius,2,1,0,0
1848,imonlvsu,81428,swedish,vilnius,2,1,0,0
1849,osqugnvl,81429,austrian,vilnius,2,1,0,0
1850,qpjuaoki,81430,belgian,vilnius,2,1,0,0
1851,vjflecru,81431,bulgarian,vilnius,2,1,0,0
1852,lpwfjikd,81432,croatian,vilnius,2,1,0,0
1853,zamlxbuv,81433,cypriot,vilnius,2,1,0,0
1854,fcvnkshr,81434,czech,vilnius,2,1,0,0
1855,vwmldjec,81435,danish,vilnius,2,1,0,0
1856,qnjurcyg,81436,dutch,vilnius,2,1,0,0
1857,ocqaxfbp,81437,estonian,vilnius,2,1,0,0
1858,pkoutxcq,81438,finnish,vilnius,2,1,0,0
1859,permahsk,81439,french,vilnius,2,1,0,0
1860,lwaxztep,81440,german,vilnius,2,1,0,0
1861,osuizbaj,81441,greek,vilnius,2,1,0,0
1862,ftyvrwuh,81442,hungarian,vilnius,2,1,0,0
1863,ibtlxwdf,81443,irish,vilnius,2,1,0,0
1864,ofvclmrx,81444,italian,vilnius,2,1,0,0
1865,xqlocysm,81445,latvian,vilnius,2,1,0,0
1866,hdljryce,81446,lithuanian,vilnius,2,1,0,0
1867,yrbcqjgp,81447,luxembourgish,vilnius,2,1,0,0
1868,uwkgypxl,81448,maltese,vilnius,2,1,0,0
1869,idyvfgxe,81449,polish,vilnius,2,1,0,0
1870,mcvaytxp,81450,portuguese,vilnius,2,1,0,0
1871,ogminrwt,81451,romanian,vilnius,2,1,0,0
1872,npjubyof,81452,slovakian,vilnius,2,1,0,0
1873,gnbelwai,81453,slovene,vilnius,2,1,0,0
1874,pdxcgobv,81454,spanish,vilnius,2,1,0,0
1875,nbdpijec,81455,swedish,vilnius,2,1,0,0
1876,dbopwsuj,81456,austrian,vilnius,2,1,0,0
1877,rkwnyhzj,81457,belgian,vilnius,2,1,0,0
1878,qtysmrgu,81458,bulgarian,vilnius,2,1,0,0
1879,grentlxp,81459,croatian,vilnius,2,1,0,0
1880,imqrognb,81460,cypriot,vilnius,2,1,0,0
1881,afmkdnlx,81461,czech,vilnius,2,1,0,0
1882,xbhcarys,81462,danish,vilnius,2,1,0,0
1883,tnukdwiq,81463,dutch,vilnius,2,1,0,0
1884,kwrebvhf,81464,estonian,vilnius,2,1,0,0
1885,ihdatmvl,81465,finnish,vilnius,2,1,0,0
1886,xfgtwmnp,81466,french,vilnius,2,1,0,0
1887,miufvwyz,81467,german,vilnius,2,1,0,0
1888,qxfgrtzb,81468,greek,vilnius,2,1,0,0
1889,fmexwzsp,81469,hungarian,vilnius,2,1,0,0
1890,opsdbfwl,81470,irish,vilnius,2,1,0,0
1891,pdimfjru,81471,italian,vilnius,2,1,0,0
1892,estpgcld,81472,latvian,vilnius,2,1,0,0
1893,gjezqnus,81473,lithuanian,vilnius,2,1,0,0
1894,fupcrsxt,81474,luxembourgish,vilnius,2,1,0,0
1895,qplugmwr,81475,maltese,vilnius,2,1,0,0
1896,sjyuoabd,81476,polish,vilnius,2,1,0,0
1897,raxizygk,81477,portuguese,vilnius,2,1,0,0
1898,xmsywgje,81478,romanian,vilnius,2,1,0,0
1899,sjzfxoqd,81479,slovakian,vilnius,2,1,0,0
1900,wikrbszt,81480,slovene,vilnius,2,1,0,0
1901,eaomihgx,81481,spanish,vilnius,2,1,0,0
1902,voekzfgh,81482,swedish,vilnius,2,1,0,0
1903,ompebqzv,81483,austrian,vilnius,2,1,0,0
1904,meucfwdp,81484,belgian,vilnius,2,1,0,0
1905,ixplancu,81485,bulgarian,vilnius,2,1,0,0
1906,xngqpwyv,81486,croatian,vilnius,2,1,0,0
1907,bsodiarn,81487,cypriot,vilnius,2,1,0,0
1908,wgnholmp,81488,czech,vilnius,2,1,0,0
1909,swfcymag,81489,danish,vilnius,2,1,0,0
1910,slartenv,81490,dutch,vilnius,2,1,0,0
1911,vxgqibsf,81491,estonian,vilnius,2,1,0,0
1912,mvrqpljw,81492,finnish,vilnius,2,1,0,0
1913,otncdiqj,81493,french,vilnius,2,1,0,0
1914,pbdqatmr,81494,german,vilnius,2,1,0,0
1915,fpolxids,81495,greek,vilnius,2,1,0,0
1916,xsmyrjvq,81496,hungarian,vilnius,2,1,0,0
1917,fsmykcgd,81497,irish,vilnius,2,1,0,0
1918,yrocgelj,81498,italian,vilnius,2,1,0,0
1919,rcswufjz,81499,latvian,vilnius,2,1,0,0
1920,eydcphmq,81500,lithuanian,vilnius,2,1,0,0
1921,kplvcmra,81501,luxembourgish,vilnius,2,1,0,0
1922,dcurfeis,81502,maltese,vilnius,2,1,0,0
1923,qsjiewnz,81503,polish,vilnius,2,1,0,0
1924,hldetoyk,81504,portuguese,vilnius,2,1,0,0
1925,xmaswvio,81505,romanian,vilnius,2,1,0,0
1926,otepcifm,81506,slovakian,vilnius,2,1,0,0
1927,ftbimcsk,81507,slovene,vilnius,2,1,0,0
1928,iwypmzjg,81508,spanish,vilnius,2,1,0,0
1929,udqjgevf,81509,swedish,vilnius,2,1,0,0
1930,xhvtgjwk,81510,austrian,vilnius,2,1,0,0
1931,ftnxzpwc,81511,belgian,vilnius,2,1,0,0
1932,ygqjisrk,81512,bulgarian,vilnius,2,1,0,0
1933,oqvtzwex,81513,croatian,vilnius,2,1,0,0
1934,eypwubxo,81514,cypriot,vilnius,2,1,0,0
1935,mbwxkegd,81515,czech,vilnius,2,1,0,0
1936,aqjfurli,81516,danish,vilnius,2,1,0,0
1937,ezksvcuj,81517,dutch,vilnius,2,1,0,0
1938,ntzykfcw,81518,estonian,vilnius,2,1,0,0
1939,mxolngqk,81519,finnish,vilnius,2,1,0,0
1940,tnmhjwps,81520,french,vilnius,2,1,0,0
1941,fsvzlbtd,81521,german,vilnius,2,1,0,0
1942,fexrjqtm,81522,greek,vilnius,2,1,0,0
1943,ibwvagts,81523,hungarian,vilnius,2,1,0,0
1944,ebhxgzdy,81524,irish,vilnius,2,1,0,0
1945,njuqivzb,81525,italian,vilnius,2,1,0,0
1946,cadgqvwt,81526,latvian,vilnius,2,1,0,0
1947,jlzksima,81527,lithuanian,vilnius,2,1,0,0
1948,pcqrjemi,81528,luxembourgish,vilnius,2,1,0,0
1949,yuifcjoe,81529,maltese,vilnius,2,1,0,0
1950,sxptbdaj,81530,polish,vilnius,2,1,0,0
1951,dchgijqf,81531,portuguese,vilnius,2,1,0,0
1952,ezqpsaod,81532,romanian,vilnius,2,1,0,0
1953,owmtzfba,81533,slovakian,vilnius,2,1,0,0
1954,nktescuj,81534,slovene,vilnius,2,1,0,0
1955,hfjtsqda,81535,spanish,vilnius,2,1,0,0
1956,nvplajhb,81536,swedish,vilnius,2,1,0,0
1957,pqfgkxav,81537,austrian,madrid,2,1,0,0
1958,liyaomjs,81538,belgian,madrid,2,1,0,0
1959,hbzlsfmo,81539,bulgarian,madrid,2,1,0,0
1960,zvgbxcky,81540,croatian,madrid,2,1,0,0
1961,jwopkaxs,81541,cypriot,madrid,2,1,0,0
1962,jlmgtkpb,81542,czech,madrid,2,1,0,0
1963,dhxluagp,81543,danish,madrid,2,1,0,0
1964,kvlwbate,81544,dutch,madrid,2,1,0,0
1965,wubplzfs,81545,estonian,madrid,2,1,0,0
1966,pwnzbixa,81546,finnish,madrid,2,1,0,0
1967,pcmgsrqe,81547,french,madrid,2,1,0,0
1968,abievohj,81548,german,madrid,2,1,0,0
1969,yukaolbt,81549,greek,madrid,2,1,0,0
1970,jsczvbag,81550,hungarian,madrid,2,1,0,0
1971,qavhkzje,81551,irish,madrid,2,1,0,0
1972,ovnswglj,81552,italian,madrid,2,1,0,0
1973,kajwcnox,81553,latvian,madrid,2,1,0,0
1974,unlzxkda,81554,lithuanian,madrid,2,1,0,0
1975,gdmijnbp,81555,luxembourgish,madrid,2,1,0,0
1976,xftwicgq,81556,maltese,madrid,2,1,0,0
1977,qgxazkfm,81557,polish,madrid,2,1,0,0
1978,szqpvmoy,81558,portuguese,madrid,2,1,0,0
1979,jekpclsf,81559,romanian,madrid,2,1,0,0
1980,tyczguxr,81560,slovakian,madrid,2,1,0,0
1981,iyzfkrlw,81561,slovene,madrid,2,1,0,0
1982,xjopzykr,81562,spanish,madrid,2,1,0,0
1983,wqifvkbc,81563,swedish,madrid,2,1,0,0
1998,uxihsjqt,81577,austrian,paris,21,0,0,0
1999,toylievx,81578,swedish,amsterdam,2,0,0,0
2001,pnlzebhr,81580,greek,paris,11,0,0,0
2002,xzigjslm,81581,greek,paris,11,1,0,0
2003,ufhebjnk,81582,latvian,sofia,16,0,0,0
2004,skzeylpm,81583,latvian,sofia,16,1,0,0
2006,nsmtlorw,121745,finnish,rome,4,0,0,0
2007,cazdwltq,121746,hungarian,madrid,3,1,0,0
2008,sibpekrw,121793,lithuanian,paris,21,0,0,0
2009,ejiybfax,121794,finnish,amsterdam,1,1,0,0
2010,cshublzg,121795,danish,paris,21,0,0,0
2011,kmecvtjb,121796,estonian,vienna,4,0,0,0
2013,cixaqzuo,121747,italian,vilnius,3,0,0,0
2014,rtvcukfe,121748,romanian,madrid,19,0,0,0
2015,yixptacs,122432,swedish,valletta,5,1,0,0
2017,zxmngsuq,122433,hungarian,madrid,16,0,0,0
2018,ryeqapmv,122434,slovene,madrid,4,0,0,0
2020,efvclqzt,122437,swedish,sofia,0,0,0,0
2021,tbscuxzl,122438,german,rome,19,0,0,0
2022,ifwudzet,122439,finnish,vienna,0,0,0,0
2023,fdbwqolg,122441,slovene,madrid,4,1,0,0
2024,jtpgekyi,122442,slovakian,amsterdam,1,1,0,0
2025,wkundcoh,122443,bulgarian,vilnius,3,0,0,0
2026,eqcmwusv,122444,hungarian,rome,6,1,0,0
2030,yxsrmqao,122449,bulgarian,paris,0,0,0,0
2031,jvxuswyh,122452,danish,amsterdam,20,0,0,0
2033,klezygxc,122454,bulgarian,paris,20,0,0,0
2034,vbsonkzc,122455,irish,amsterdam,18,1,0,0
2035,fbwdohsl,122456,swedish,valletta,1,1,0,0
2037,juayhxlo,122458,maltese,madrid,5,1,0,0
2039,ytdgoacx,122461,irish,paris,3,1,0,0
2040,yncfdkla,122462,bulgarian,copenhagen,18,0,0,0
2041,cnkzepuq,122463,hungarian,vilnius,4,1,0,0
2042,bvoeyrkz,122464,slovakian,madrid,16,0,0,0
2043,xcuwaprf,122465,romanian,madrid,0,0,0,0
2044,lqfadheu,122466,hungarian,rome,3,0,0,0
2045,dthownvs,122467,bulgarian,vienna,5,0,0,0
2046,gkqeamln,122468,luxembourgish,amsterdam,5,0,0,0
2047,kqlpsvdg,122469,slovakian,copenhagen,1,1,0,0
2049,zkdlbvxu,122471,slovakian,sofia,3,0,0,0
2050,pqmolhit,122472,finnish,copenhagen,5,0,0,0
2051,nwbadxfg,122473,greek,amsterdam,18,0,0,0
2052,ygtpclaw,122474,belgian,vienna,0,1,0,0
2054,eugrxzas,122476,hungarian,paris,3,1,0,0
2056,mwguyrfz,122480,maltese,amsterdam,5,1,0,0
2057,vjpqlfoy,122481,bulgarian,copenhagen,6,0,0,0
2059,lcpvexjb,122484,finnish,vienna,20,0,0,0
2060,helysdxm,122485,estonian,paris,20,0,0,0
2061,ydmbopth,122486,romanian,copenhagen,0,0,0,0
2062,mcdivsta,122487,luxembourgish,vienna,4,0,0,0
2063,kunicwal,122488,hungarian,amsterdam,21,0,0,0
2064,wxqcbokd,122489,swedish,paris,16,0,0,0
2066,eqptymob,122491,polish,rome,6,0,0,0
2067,jlskmnqw,122492,romanian,copenhagen,17,0,0,0
2068,savkibyp,122493,hungarian,vienna,2,0,0,0
2069,lvwhibkq,122495,danish,paris,18,0,0,0
2072,xbykcvap,122499,estonian,copenhagen,5,0,0,0
2073,oexmlkwa,122500,hungarian,rome,16,0,0,0
2074,zdfujebq,122501,austrian,amsterdam,16,1,0,0
2077,ribnpeux,122504,latvian,valletta,3,1,0,0
2078,utbhnljc,122505,maltese,rome,20,0,0,0
2079,muwfcoyj,122506,swedish,amsterdam,19,1,0,0
2080,xkniurwe,122507,romanian,copenhagen,3,0,0,0
2081,hqsbvajd,122508,estonian,amsterdam,15,0,0,0
2082,japxndwz,122510,slovakian,madrid,5,1,0,0
2083,rpvlecbf,122511,greek,rome,18,0,0,0
2085,mrjhncsq,122513,austrian,paris,5,0,0,0
2086,imesgdnk,122514,hungarian,rome,21,1,0,0
2087,hzsqpvbe,122515,belgian,amsterdam,16,1,0,0
2088,vjfpkxda,122516,maltese,vienna,2,0,0,0
2089,ilemojga,122517,hungarian,vienna,1,0,0,0
2090,mhfusjny,122518,hungarian,madrid,5,0,0,0
2091,jeghqvxr,122519,slovakian,vienna,5,0,0,0
2092,mlfdavtb,122521,romanian,rome,3,0,0,0
2094,fihusdor,122523,romanian,amsterdam,21,0,0,0
2095,wbsdmqvg,122524,spanish,paris,2,1,0,0
2097,lhnocqyz,122527,finnish,paris,3,0,0,0
2098,graqpbnx,122528,slovakian,vilnius,4,0,0,0
2099,arnybwgc,122529,swedish,copenhagen,1,0,0,0
2103,vxwmaeyg,122534,maltese,vilnius,17,0,0,0
2104,fngzyjph,122535,hungarian,sofia,17,1,0,0
2108,mtnepxlc,122540,austrian,vienna,21,0,0,0
2109,vmzsanur,122541,finnish,amsterdam,5,0,0,0
2114,oegsxkju,122546,finnish,rome,18,1,0,0
2116,cwfxodus,122550,hungarian,madrid,3,0,0,0
2117,hlokgmsc,122551,hungarian,rome,6,0,0,0
2118,jhkfegix,122553,latvian,amsterdam,6,1,0,0
2119,kysxmpna,122554,romanian,vilnius,18,1,0,0
2121,bxvcaujk,122556,irish,madrid,1,0,0,0
2122,cbjrxvao,122557,latvian,copenhagen,21,0,0,0
2123,disanqpx,122558,austrian,paris,17,0,0,0
2124,blcfhvis,122559,danish,madrid,5,1,0,0
2125,rzqbetvp,122560,belgian,paris,0,0,0,0
2126,qsowzmxu,122561,spanish,copenhagen,3,0,0,0
2127,gctavsxk,122562,german,vienna,3,1,0,0
2128,ydplewrv,122564,romanian,amsterdam,2,1,0,0
2129,ihjuafge,122565,maltese,madrid,19,0,0,0
2130,cbgfairt,122566,slovene,valletta,6,0,0,0
2131,ujoaewmx,122569,finnish,madrid,19,0,0,0
2132,lxpurwfy,122570,greek,madrid,6,1,0,0
2133,cjzbhxue,122571,hungarian,amsterdam,5,1,0,0
2134,zhjdwkpg,122572,swedish,vienna,4,1,0,0
2135,vphockjy,122573,estonian,paris,17,0,0,0
2136,jvymcurs,122574,luxembourgish,vienna,5,1,0,0
2137,vgtahles,122575,belgian,rome,15,1,0,0
2138,gefskamz,122576,luxembourgish,rome,4,1,0,0
2139,hacbkmvp,122577,finnish,sofia,5,0,0,0
2140,pxovtlqw,122578,irish,madrid,17,0,0,0
2141,uvpwlbjo,122579,slovakian,copenhagen,4,1,0,0
2142,fnepqidb,122580,swedish,madrid,4,1,0,0
2145,dhxcjnrv,122583,austrian,amsterdam,21,1,0,0
2146,uljetswb,122584,polish,madrid,17,0,0,0
2148,ptnylmic,122586,hungarian,copenhagen,6,1,0,0
2149,hwifuemo,122587,estonian,paris,21,1,0,0
2150,vifqnagu,127180,austrian,amsterdam,2,1,0,0
2151,dfyojmla,127383,austrian,amsterdam,6,0,0,0
2152,pabnzcsu,127539,austrian,amsterdam,18,1,0,0
2153,nxqkcfmh,127540,austrian,amsterdam,20,1,0,0
2154,munvxqls,127592,austrian,amsterdam,21,0,0,0
2158,konmtxsc,127655,belgian,amsterdam,17,1,0,0
2159,arxjhlqe,127656,bulgarian,amsterdam,15,1,0,0
2161,dryshvgk,127845,croatian,amsterdam,4,1,0,0
2162,qpjysgmv,127846,czech,amsterdam,4,0,0,0
2164,iphfuyem,127848,danish,amsterdam,1,1,0,0
2165,droczfhp,127849,danish,amsterdam,2,0,0,0
2166,clvzqmhi,127987,danish,amsterdam,5,0,0,0
2170,ibatjgry,128011,estonian,amsterdam,4,0,0,0
2171,iusljmwe,128016,estonian,amsterdam,5,0,0,0
2172,xjuyzmba,128021,estonian,amsterdam,18,1,0,0
2173,zmbrdaxo,128023,estonian,amsterdam,20,0,0,0
2176,weqpcrvm,128040,finnish,amsterdam,3,0,0,0
2177,vnegqdju,128047,finnish,amsterdam,4,0,0,0
2178,teajyvdo,128051,finnish,amsterdam,6,1,0,0
2182,zfucnoas,128071,german,amsterdam,15,1,0,0
2183,vptkzhfc,128077,greek,amsterdam,3,0,0,0
2184,iuqdhkvz,128083,greek,amsterdam,20,0,0,0
2187,smyaxegk,128096,hungarian,amsterdam,1,1,0,0
2188,bfjedhng,128097,hungarian,amsterdam,2,0,0,0
2189,suxbnvoj,128098,hungarian,amsterdam,6,1,0,0
2190,thzvxamq,128099,hungarian,amsterdam,16,1,0,0
2191,vozkeucl,128100,hungarian,amsterdam,19,1,0,0
2192,hcmelwik,128101,hungarian,amsterdam,20,0,0,0
2195,ksrinbpw,128104,irish,amsterdam,0,0,0,0
2196,xwkshdfz,128105,irish,amsterdam,4,0,0,0
2197,jxhzvldk,128106,irish,amsterdam,15,0,0,0
2198,otuyqhxw,128107,italian,amsterdam,17,1,0,0
2199,okmnvtbw,128108,lithuanian,amsterdam,19,1,0,0
2201,livsyhzq,128110,luxembourgish,amsterdam,2,1,0,0
2202,ragqeupx,128111,maltese,amsterdam,5,0,0,0
2204,fzrcsknb,128113,polish,amsterdam,2,0,0,0
2205,jseticbo,128114,portuguese,amsterdam,0,1,0,0
2206,lmdehzyb,128115,portuguese,amsterdam,16,1,0,0
2207,hperazob,128116,romanian,amsterdam,1,0,0,0
2208,mfetrszc,128117,romanian,amsterdam,4,1,0,0
2209,rgnpzvsd,128118,romanian,amsterdam,16,1,0,0
2210,ogzysmhi,128119,romanian,amsterdam,19,1,0,0
2213,mqzkyesn,128122,slovakian,amsterdam,6,0,0,0
2214,xflozqjt,128123,slovakian,amsterdam,18,1,0,0
2216,bytxkzfd,128260,slovene,amsterdam,2,0,0,0
2217,zbpmkoiw,128265,slovene,amsterdam,5,1,0,0
2218,mlskhrei,128270,slovene,amsterdam,16,1,0,0
2219,zpsuormy,128274,slovene,amsterdam,21,0,0,0
2220,kjogrqwf,128280,swedish,amsterdam,3,1,0,0
2221,obmsqkfa,128285,swedish,amsterdam,4,1,0,0
2222,fovidmjk,128290,austrian,copenhagen,5,1,0,0
2223,isahwfvp,128294,austrian,copenhagen,15,0,0,0
2224,ypwshocx,128300,austrian,copenhagen,18,0,0,0
2228,kswqalpn,128319,bulgarian,copenhagen,15,0,0,0
2229,fkaqshwc,128321,bulgarian,copenhagen,17,0,0,0
2230,tunboipz,128322,bulgarian,copenhagen,21,1,0,0
2232,ubvqjwea,128324,cypriot,copenhagen,0,0,0,0
2233,bkpqihzm,128325,cypriot,copenhagen,15,0,0,0
2236,ywkesfto,128328,danish,copenhagen,0,1,0,0
2237,jucfhnxm,128329,danish,copenhagen,5,0,0,0
2238,pxlzesad,128330,danish,copenhagen,19,0,0,0
2239,qtkvhbdc,128331,danish,copenhagen,20,1,0,0
2240,zcyjsfih,128332,estonian,copenhagen,1,0,0,0
2241,auikcngx,128334,estonian,copenhagen,2,1,0,0
2242,jybdenxz,128340,estonian,copenhagen,6,1,0,0
2245,bmhngzsa,128358,finnish,copenhagen,6,0,0,0
2246,bjfhutkd,128363,finnish,copenhagen,16,1,0,0
2248,doexqigk,128376,french,copenhagen,3,0,0,0
2249,shiqyzjp,128381,french,copenhagen,17,0,0,0
2251,zdcuvnkh,128392,greek,copenhagen,4,0,0,0
2254,ftkxevyq,128410,hungarian,copenhagen,4,1,0,0
2255,acfuzlbq,128416,hungarian,copenhagen,16,1,0,0
2256,oxpkjnzy,128422,hungarian,copenhagen,17,0,0,0
2257,iwmsyaqk,128428,hungarian,copenhagen,18,0,0,0
2260,jmqrbuxz,128445,irish,copenhagen,0,1,0,0
2261,lreywozf,128451,irish,copenhagen,3,1,0,0
2262,xvruhywo,128455,italian,copenhagen,2,0,0,0
2264,nhpzuafk,128464,lithuanian,copenhagen,5,1,0,0
2265,wxzmvfrt,128470,lithuanian,copenhagen,21,1,0,0
2266,odnpjfvg,128475,luxembourgish,copenhagen,1,0,0,0
2267,qgtumyxd,128481,luxembourgish,copenhagen,5,0,0,0
2268,zrbihaqd,128488,polish,copenhagen,2,1,0,0
2269,knqurhfo,128494,polish,copenhagen,6,0,0,0
2271,jogxldzq,128505,portuguese,copenhagen,1,1,0,0
2272,rjgziuxc,128510,romanian,copenhagen,2,0,0,0
2273,noqpbeth,128516,romanian,copenhagen,4,0,0,0
2274,adfvxkbn,128522,romanian,copenhagen,6,0,0,0
2275,lmrganto,128528,slovakian,copenhagen,19,0,0,0
2279,olzmheyt,128552,slovene,copenhagen,6,1,0,0
2281,aztefusy,128564,spanish,copenhagen,4,1,0,0
2282,eltjwrqa,128570,spanish,copenhagen,16,1,0,0
2283,wermtivj,128576,spanish,copenhagen,20,0,0,0
2284,wrhopxdn,128579,swedish,copenhagen,1,1,0,0
2285,thepbniy,128586,swedish,copenhagen,4,0,0,0
2286,tgojaqle,128593,swedish,copenhagen,6,1,0,0
2287,hqwbzflo,128599,swedish,copenhagen,21,1,0,0
2291,naugilwy,128608,austrian,madrid,3,0,0,0
2292,rliwdhcx,128609,austrian,madrid,5,1,0,0
2293,hcmojbus,128610,austrian,madrid,16,1,0,0
2296,arkgcboh,128613,belgian,madrid,21,1,0,0
2298,prexvomt,128615,bulgarian,madrid,16,1,0,0
2299,laekoqxd,128616,bulgarian,madrid,17,0,0,0
2300,gzwrkbac,128617,bulgarian,madrid,18,0,0,0
2303,tbmfykhg,128620,croatian,madrid,3,1,0,0
2304,crnhkyam,128621,croatian,madrid,6,0,0,0
2306,rzgihwod,128623,cypriot,madrid,0,0,0,0
2307,jvkegpyn,128624,cypriot,madrid,4,0,0,0
2308,xulfhcid,128625,cypriot,madrid,18,0,0,0
2309,mtbfcvwe,128626,danish,madrid,1,0,0,0
2310,clpotedy,128627,danish,madrid,5,0,0,0
2311,rfwmsuvh,128628,danish,madrid,6,1,0,0
2312,enzwqmpt,128629,danish,madrid,19,0,0,0
2314,rbskmqua,128631,estonian,madrid,3,1,0,0
2315,hifaqerg,128632,estonian,madrid,4,0,0,0
2318,genbjiuc,128635,finnish,madrid,3,1,0,0
2319,sexvdutm,128636,finnish,madrid,17,0,0,0
2320,mavkjylw,128637,finnish,madrid,18,0,0,0
2321,gfsyvned,128638,finnish,madrid,20,1,0,0
2324,znwduypc,128641,french,madrid,0,1,0,0
2325,ahjupvmc,128642,french,madrid,3,0,0,0
2326,bgdypaej,128643,french,madrid,19,0,0,0
2327,lrmucwiq,128644,german,madrid,21,1,0,0
2329,ozgxmabd,128646,greek,madrid,3,1,0,0
2330,pwnshybk,128647,greek,madrid,5,1,0,0
2331,uxbkweta,128648,greek,madrid,15,0,0,0
2332,xsucmjpf,128649,hungarian,madrid,20,1,0,0
2337,dqylfhni,128654,italian,madrid,5,0,0,0
2340,zmfkvncp,128657,lithuanian,madrid,17,0,0,0
2341,hnmctgse,128658,luxembourgish,madrid,6,0,0,0
2342,aixqzbch,128659,luxembourgish,madrid,16,1,0,0
2343,jnhdvwke,128660,luxembourgish,madrid,18,0,0,0
2344,camrvlpz,128661,luxembourgish,madrid,20,1,0,0
2346,tkodfvxq,128663,maltese,madrid,16,1,0,0
2347,hqbgeklx,128664,maltese,madrid,20,1,0,0
2348,ilzfubdc,128665,romanian,madrid,6,0,0,0
2349,nylfwjbd,128666,romanian,madrid,21,1,0,0
2350,qwcndvty,128667,slovakian,madrid,1,0,0,0
2351,sizxylkr,128668,slovakian,madrid,4,1,0,0
2352,hbfyxmjo,128669,slovakian,madrid,5,0,0,0
2353,vojsgkyu,128670,slovakian,madrid,15,0,0,0
2355,rczjygke,128672,slovene,madrid,19,1,0,0
2356,lvkbawif,128673,spanish,madrid,5,1,0,0
2358,hgkocnmb,128675,swedish,madrid,0,0,0,0
2359,niwgcyks,128676,swedish,madrid,15,0,0,0
2360,cspiwrub,128677,swedish,madrid,21,1,0,0
2362,frehdylq,128679,austrian,paris,0,0,0,0
2363,giqwpfyn,128680,austrian,paris,2,0,0,0
2364,mbankzld,128681,austrian,paris,3,0,0,0
2365,dipwxvkr,128682,austrian,paris,18,1,0,0
2366,bzrodejn,128683,austrian,paris,21,1,0,0
2367,ecakupxz,128684,belgian,paris,2,0,0,0
2368,yuzeskpa,128685,belgian,paris,6,0,0,0
2369,comfshba,128686,belgian,paris,16,0,0,0
2370,olwumzdx,128687,belgian,paris,17,1,0,0
2371,zikrytuc,128688,bulgarian,paris,0,1,0,0
2372,iqnxkjmf,128689,bulgarian,paris,2,0,0,0
2376,knbafzmg,128693,croatian,paris,5,0,0,0
2377,giznlkqv,128694,cypriot,paris,18,1,0,0
2378,raugbmvo,128695,czech,paris,6,1,0,0
2379,hpjiertu,128696,danish,paris,3,1,0,0
2380,bmaxhnyp,128697,danish,paris,16,0,0,0
2382,xbfzpaje,128699,dutch,paris,4,1,0,0
2386,oyezqarv,128703,estonian,paris,0,0,0,0
2387,vofblrzt,128704,estonian,paris,1,0,0,0
2388,ptekivcj,128705,estonian,paris,4,1,0,0
2389,efptuavg,128706,estonian,paris,6,1,0,0
2390,bidqwngx,128707,finnish,paris,1,1,0,0
2391,jcgnakpx,128708,finnish,paris,2,1,0,0
2392,rapnbtgw,128709,finnish,paris,4,1,0,0
2393,dergxzyh,128710,finnish,paris,5,0,0,0
2394,qynhebiv,128711,finnish,paris,17,0,0,0
2395,mboirwyq,128712,finnish,paris,19,0,0,0
2396,kejnpqzo,128713,finnish,paris,20,0,0,0
2399,itdkgvwz,128716,french,paris,16,1,0,0
2400,bzxmurko,128717,german,paris,21,1,0,0
2402,hnemjtdo,128719,hungarian,paris,1,0,0,0
2403,sgmklcde,128720,hungarian,paris,3,0,0,0
2404,bsiuqehk,128721,hungarian,paris,4,0,0,0
2405,pngaxsky,128722,hungarian,paris,15,1,0,0
2406,jxoypgwd,128723,hungarian,paris,17,0,0,0
2407,nbxgmjvk,128724,hungarian,paris,19,0,0,0
2408,rkahlunz,128725,hungarian,paris,21,1,0,0
2410,dojtlvgq,128727,irish,paris,15,1,0,0
2411,bpxdfyce,128728,italian,paris,0,1,0,0
2412,kviqjerf,128729,italian,paris,17,0,0,0
2414,taxiynco,128731,latvian,paris,5,1,0,0
2415,lecrbmhj,128732,latvian,paris,20,0,0,0
2418,pigozwvr,128735,lithuanian,paris,2,1,0,0
2419,qepckwnv,128736,lithuanian,paris,3,1,0,0
2420,waqstdbg,128737,lithuanian,paris,19,0,0,0
2421,gwalvkni,128738,polish,paris,21,1,0,0
2422,pfzakqxl,128739,romanian,paris,5,1,0,0
2423,bzuhwfti,128740,romanian,paris,17,0,0,0
2424,aqnxscpi,128741,slovakian,paris,2,1,0,0
2425,dcyrwkxz,128742,slovakian,paris,3,1,0,0
2426,urhakxpq,128743,slovakian,paris,4,0,0,0
2427,olqryjga,128744,slovakian,paris,5,0,0,0
2428,nrfucqzv,128745,slovakian,paris,20,0,0,0
2430,agjncspe,128747,spanish,paris,0,0,0,0
2431,ivwczeqt,128748,swedish,paris,5,1,0,0
2436,scgrymtq,128753,belgian,rome,1,0,0,0
2437,pdxilgez,128754,belgian,rome,6,1,0,0
2438,eaifowmp,128755,bulgarian,rome,18,0,0,0
2441,woyifejv,128758,cypriot,rome,3,1,0,0
2442,twspjely,128759,danish,rome,1,0,0,0
2443,jgvftiab,128760,danish,rome,15,1,0,0
2444,fxdyiwvo,128761,danish,rome,19,0,0,0
2445,yjcakedg,128762,estonian,rome,2,0,0,0
2446,cebsuizp,128763,estonian,rome,5,1,0,0
2447,zoqvaebm,128764,estonian,rome,21,0,0,0
2449,cmfsdhxj,128766,finnish,rome,0,1,0,0
2450,qbjsnlfc,128767,finnish,rome,1,1,0,0
2451,oxtpvsuy,128768,finnish,rome,5,1,0,0
2452,gywkbrnm,128769,finnish,rome,6,0,0,0
2453,bwjoftup,128770,finnish,rome,15,1,0,0
2454,qhtgmjkd,128771,french,rome,19,0,0,0
2455,iulgdbtv,128772,greek,rome,2,0,0,0
2456,rhxtgqje,128773,greek,rome,5,0,0,0
2457,dcbezvis,128774,greek,rome,6,0,0,0
2458,upoqtzaf,128775,greek,rome,17,1,0,0
2460,xlysbpvm,128777,hungarian,rome,20,0,0,0
2461,duvpqlxg,128778,hungarian,rome,21,0,0,0
2464,snhzpcvo,128781,irish,rome,4,1,0,0
2465,hucnjdol,128782,irish,rome,5,1,0,0
2466,ghpyifsq,128783,italian,rome,5,1,0,0
2468,vhpdzexq,128785,maltese,rome,1,1,0,0
2469,zsmevhut,128786,maltese,rome,15,1,0,0
2470,ihsxtrmu,128787,maltese,rome,21,0,0,0
2472,ogcspjlk,128789,polish,rome,3,0,0,0
2473,ukatjhyc,128790,polish,rome,21,1,0,0
2475,agjrmfwb,128792,romanian,rome,1,0,0,0
2476,wjmqneyv,128793,romanian,rome,16,1,0,0
2477,fdbhyxqp,128794,romanian,rome,17,1,0,0
2478,txwksqar,128795,slovakian,rome,15,1,0,0
2479,rmvslqad,128796,slovakian,rome,19,0,0,0
2483,ucgweykq,128800,slovene,rome,0,0,0,0
2487,hzapktbc,128804,spanish,rome,16,1,0,0
2488,kjlmdayq,128805,spanish,rome,18,1,0,0
2489,gpxqcamd,128806,swedish,rome,17,1,0,0
2490,ybuitwcr,128807,swedish,rome,18,1,0,0
2494,hmyitpvw,128811,austrian,sofia,15,1,0,0
2495,ydtwogsh,128812,austrian,sofia,18,0,0,0
2496,xzgujcad,128813,austrian,sofia,20,0,0,0
2497,kicsrauw,128814,austrian,sofia,21,0,0,0
2503,royahmgs,128820,bulgarian,sofia,0,1,0,0
2504,hiknbyqm,128821,bulgarian,sofia,17,1,0,0
2505,hptsgylv,128822,danish,sofia,1,1,0,0
2506,vzkthaji,128823,danish,sofia,4,1,0,0
2507,gqkihvem,128824,danish,sofia,6,1,0,0
2509,vnwtpaeq,128826,dutch,sofia,2,0,0,0
2510,otsexnay,128827,dutch,sofia,6,1,0,0
2511,qdvuyzwi,128828,dutch,sofia,21,0,0,0
2513,dowampzg,128830,estonian,sofia,0,0,0,0
2514,xnbohyms,128831,estonian,sofia,3,1,0,0
2515,qwnhxjod,128832,estonian,sofia,19,1,0,0
2516,ecqgwtpf,128833,estonian,sofia,21,0,0,0
2519,etbudxcl,128836,finnish,sofia,2,1,0,0
2520,efrckabg,128837,finnish,sofia,21,0,0,0
2523,oaruktps,128840,german,sofia,5,1,0,0
2524,poifedhz,128841,greek,sofia,1,0,0,0
2525,kabgczhx,128842,hungarian,sofia,5,1,0,0
2526,ponzldra,128843,hungarian,sofia,6,0,0,0
2527,vgrpjzha,128844,hungarian,sofia,15,1,0,0
2528,aqykzgex,128845,hungarian,sofia,16,1,0,0
2529,fjbamwoi,128846,hungarian,sofia,19,1,0,0
2530,bgvwehok,128847,hungarian,sofia,20,1,0,0
2533,ystfcxem,128850,irish,sofia,3,1,0,0
2535,usrcpwjn,128852,italian,sofia,1,1,0,0
2536,armuvfcg,128853,latvian,sofia,0,0,0,0
2537,kxdflynm,128854,latvian,sofia,19,1,0,0
2540,dhuxrmfc,128857,luxembourgish,sofia,2,1,0,0
2541,nyftgsda,128858,polish,sofia,15,1,0,0
2542,ysprnxcu,128859,polish,sofia,18,0,0,0
2543,hxjramtq,128860,portuguese,sofia,6,0,0,0
2544,mvhoarui,128861,romanian,sofia,2,0,0,0
2546,prhixmun,128863,slovakian,sofia,5,1,0,0
2547,vjxwozgs,128864,slovakian,sofia,15,1,0,0
2548,godslymn,128865,slovakian,sofia,18,0,0,0
2549,wvkpjrlf,128866,slovakian,sofia,20,1,0,0
2553,fvhwkpem,128870,slovene,sofia,4,0,0,0
2554,webkfypc,128871,slovene,sofia,16,1,0,0
2555,vfjhdlno,128872,slovene,sofia,17,1,0,0
2556,rfvckdlg,128873,spanish,sofia,5,0,0,0
2559,fsjtenrh,128876,swedish,sofia,1,0,0,0
2560,daciunpv,128877,swedish,sofia,2,0,0,0
2561,brdnfqku,128878,swedish,sofia,3,0,0,0
2562,swaxqlmf,128879,swedish,sofia,17,1,0,0
2565,nyvpamjh,128882,austrian,valletta,1,1,0,0
2566,pmwgftui,128883,austrian,valletta,4,0,0,0
2567,hdixpufn,128884,austrian,valletta,15,1,0,0
2568,zvukhxgw,128885,austrian,valletta,17,0,0,0
2569,sqlexatv,128886,austrian,valletta,21,0,0,0
2571,akiouxrq,128888,belgian,valletta,2,0,0,0
2572,wqyacmup,128889,belgian,valletta,4,1,0,0
2573,phzmodtl,128890,belgian,valletta,5,1,0,0
2574,bcheyfms,128891,belgian,valletta,15,0,0,0
2575,xdgecnsz,128892,belgian,valletta,18,1,0,0
2576,fghyvpum,128893,bulgarian,valletta,1,0,0,0
2577,caodngjw,128894,bulgarian,valletta,2,1,0,0
2578,iclqfymj,128895,bulgarian,valletta,3,1,0,0
2579,txwfrzuo,128896,bulgarian,valletta,16,0,0,0
2580,tnwmxulr,128897,bulgarian,valletta,18,1,0,0
2581,ijodmpqx,128898,bulgarian,valletta,20,1,0,0
2584,yjurxzmo,128901,croatian,valletta,21,0,0,0
2585,gbpwqtjs,128902,cypriot,valletta,5,0,0,0
2586,ywafptjd,128903,cypriot,valletta,6,0,0,0
2587,antjolwx,128904,czech,valletta,2,1,0,0
2589,xzmuprsc,128906,danish,valletta,4,1,0,0
2590,ghwsfalk,128907,danish,valletta,6,0,0,0
2594,jicrlxqy,128911,estonian,valletta,2,0,0,0
2595,atqjnzkg,128912,estonian,valletta,15,1,0,0
2596,pkvsjcfg,128913,finnish,valletta,1,0,0,0
2597,niqxdavb,128914,finnish,valletta,3,0,0,0
2598,acyrhgif,128915,finnish,valletta,6,1,0,0
2599,rmpfqjxs,128916,finnish,valletta,16,0,0,0
2600,bqgfjmcl,128917,finnish,valletta,20,1,0,0
2604,hjpozbfk,128921,german,valletta,0,0,0,0
2605,xjdfearu,128922,german,valletta,6,1,0,0
2607,qdsvptax,128924,hungarian,valletta,3,1,0,0
2608,gfmozjit,128925,hungarian,valletta,5,1,0,0
2609,gcmriend,128926,hungarian,valletta,18,1,0,0
2610,scivwedj,128927,hungarian,valletta,21,0,0,0
2613,unmyoqsw,128930,lithuanian,valletta,17,0,0,0
2614,kjvhutws,128931,maltese,valletta,1,1,0,0
2615,gkzfbsud,128932,maltese,valletta,3,1,0,0
2616,hvqecrfw,128933,maltese,valletta,15,1,0,0
2617,djnhsrxm,128934,maltese,valletta,16,0,0,0
2619,zmpokcjb,128936,portuguese,valletta,4,0,0,0
2621,ibqvmazu,128938,romanian,valletta,1,1,0,0
2622,owkvzdel,128939,romanian,valletta,6,0,0,0
2623,hxkjizlc,128940,romanian,valletta,17,0,0,0
2624,huqmfwvs,128941,romanian,valletta,19,1,0,0
2625,nydzrgau,128942,slovakian,valletta,17,0,0,0
2629,kcozihwp,128946,slovene,valletta,3,0,0,0
2630,wlvaxskh,128947,slovene,valletta,5,1,0,0
2631,xwhpqzjs,128948,spanish,valletta,1,0,0,0
2632,botwavfm,128949,spanish,valletta,19,1,0,0
2634,ojlahwiv,128951,swedish,valletta,5,0,0,0
2635,jgpzwmxl,128952,swedish,valletta,19,1,0,0
2638,yxhalqbt,128955,austrian,vienna,16,1,0,0
2639,lcqvubfw,128956,austrian,vienna,17,1,0,0
2640,ewmihacn,128957,austrian,vienna,18,0,0,0
2641,onvwxydp,128958,belgian,vienna,19,1,0,0
2642,mazrklgp,128959,bulgarian,vienna,0,0,0,0
2643,yzvpfqdm,128960,bulgarian,vienna,6,0,0,0
2644,fltdwyix,128961,bulgarian,vienna,19,1,0,0
2645,sifrywlz,128962,bulgarian,vienna,20,1,0,0
2646,wxlmrgna,128963,croatian,vienna,4,0,0,0
2647,icywpxeb,128964,croatian,vienna,18,0,0,0
2649,vueamgwn,128966,cypriot,vienna,5,0,0,0
2650,mpnhliyz,128967,cypriot,vienna,6,0,0,0
2651,pjfbwvud,128968,czech,vienna,2,1,0,0
2652,wvmgyjka,128969,czech,vienna,16,1,0,0
2653,pbndkmhw,128970,czech,vienna,17,1,0,0
2654,poivyrjl,128971,danish,vienna,5,0,0,0
2655,zeaugmbn,128972,danish,vienna,6,0,0,0
2656,xkmfowbu,128973,danish,vienna,15,0,0,0
2657,ipqnhkuc,128974,danish,vienna,19,1,0,0
2659,ldqsbxni,128976,dutch,vienna,17,1,0,0
2660,sxvtajhe,128977,dutch,vienna,20,1,0,0
2661,zoxqpbfh,128978,estonian,vienna,16,1,0,0
2662,ydnvxcui,128979,estonian,vienna,17,1,0,0
2665,vzutnokg,128982,finnish,vienna,6,1,0,0
2666,ghbdxocv,128983,finnish,vienna,20,1,0,0
2668,fyupbcnm,128985,french,vienna,1,0,0,0
2669,celhibqj,128986,german,vienna,0,1,0,0
2670,atuhzmnq,128987,greek,vienna,16,1,0,0
2672,xhdvqnro,128989,hungarian,vienna,17,1,0,0
2673,blmwzqos,128990,hungarian,vienna,18,0,0,0
2674,fjkumvbi,128991,hungarian,vienna,21,0,0,0
2677,ufvmwbia,128994,irish,vienna,1,0,0,0
2678,zvnqgkmp,128995,irish,vienna,4,1,0,0
2679,ubmgywfz,128996,irish,vienna,6,0,0,0
2681,auzrmnvx,128998,latvian,vienna,21,0,0,0
2684,ecdnqlib,129001,polish,vienna,5,1,0,0
2685,mlcqtsye,129002,romanian,vienna,1,0,0,0
2686,vtdlmery,129003,romanian,vienna,15,1,0,0
2690,ywjkoxzs,129007,slovakian,vienna,4,1,0,0
2691,ugdnwerq,129008,slovakian,vienna,6,1,0,0
2692,xuqvwpia,129009,slovakian,vienna,15,0,0,0
2693,rosavwfh,129010,slovakian,vienna,21,0,0,0
2695,yhabdptx,129012,slovene,vienna,3,1,0,0
2696,bmfusjxw,129013,slovene,vienna,6,1,0,0
2698,mslctgae,129015,spanish,vienna,15,0,0,0
2699,iazbfghl,129016,swedish,vienna,0,1,0,0
2700,fwbnhmpq,129017,swedish,vienna,5,1,0,0
2704,ozjwxiks,129021,austrian,vilnius,1,0,0,0
2705,zdpqbuoa,129022,austrian,vilnius,4,0,0,0
2706,rbkndlsc,129023,austrian,vilnius,5,0,0,0
2707,upnjcmxi,129024,austrian,vilnius,16,0,0,0
2709,nfabksgp,129026,belgian,vilnius,20,0,0,0
2710,aonzvtyp,129027,bulgarian,vilnius,5,0,0,0
2711,qrgajupl,129028,bulgarian,vilnius,6,1,0,0
2712,ijsatluw,129029,bulgarian,vilnius,16,1,0,0
2713,cwrghfxs,129030,bulgarian,vilnius,17,0,0,0
2714,pinzcvrw,129031,bulgarian,vilnius,18,0,0,0
2715,ronckxtg,129032,bulgarian,vilnius,19,0,0,0
2719,gcvuqfxn,129036,czech,vilnius,3,1,0,0
2720,aqgjchxr,129037,czech,vilnius,5,0,0,0
2721,dlrgvyob,129038,danish,vilnius,2,0,0,0
2722,romsyifh,129039,danish,vilnius,5,1,0,0
2723,dgvqumzr,129040,danish,vilnius,6,1,0,0
2724,fjnakxlo,129041,danish,vilnius,20,0,0,0
2727,lzrmhauy,129044,dutch,vilnius,15,1,0,0
2728,ivunpbag,129045,estonian,vilnius,4,0,0,0
2729,vdofghkz,129046,estonian,vilnius,6,0,0,0
2730,xgwthzro,129047,estonian,vilnius,15,1,0,0
2732,lhtnbsra,129049,finnish,vilnius,1,1,0,0
2733,clqpkswf,129050,finnish,vilnius,15,1,0,0
2734,hjelzukv,129051,finnish,vilnius,17,0,0,0
2735,wrzmgftk,129052,finnish,vilnius,21,0,0,0
2739,gkxrseil,129056,french,vilnius,5,1,0,0
2740,vhfipcsw,129057,german,vilnius,1,1,0,0
2741,ahpmorzc,129058,greek,vilnius,3,0,0,0
2742,rwznimoh,129059,hungarian,vilnius,0,0,0,0
2743,nwsdkgxe,129060,hungarian,vilnius,1,1,0,0
2744,lymzvofs,129061,hungarian,vilnius,15,1,0,0
2745,bishqoem,129062,hungarian,vilnius,16,0,0,0
2746,jliufbem,129063,hungarian,vilnius,19,0,0,0
2747,haktpgml,129064,hungarian,vilnius,21,0,0,0
2749,njeyqavd,129066,irish,vilnius,6,1,0,0
2751,zapwuryt,129068,italian,vilnius,0,0,0,0
2752,qywjcnhz,129069,latvian,vilnius,1,0,0,0
2753,oztbclrg,129070,latvian,vilnius,2,0,0,0
2754,kftsijqg,129071,latvian,vilnius,4,0,0,0
2756,xlgcepqd,129073,lithuanian,vilnius,4,1,0,0
2757,tfbplajw,129074,luxembourgish,vilnius,0,1,0,0
2758,hoytwpid,129075,luxembourgish,vilnius,21,0,0,0
2759,ncdbwgsx,129076,maltese,vilnius,16,0,0,0
2762,wjplhguv,129079,polish,vilnius,18,0,0,0
2763,ohnyeswl,129080,polish,vilnius,19,0,0,0
2766,lcamkuzx,129083,portuguese,vilnius,18,0,0,0
2767,gueopxfj,129084,romanian,vilnius,3,1,0,0
2768,tinrkwxu,129085,romanian,vilnius,20,0,0,0
2769,svqohnma,129086,romanian,vilnius,21,1,0,0
2771,ejdgubfx,129088,slovakian,vilnius,5,1,0,0
2774,xvuslfac,129091,spanish,vilnius,6,0,0,0
2775,ahujosfv,129092,spanish,vilnius,19,0,0,0
2777,rkljiosa,129094,swedish,vilnius,18,0,0,0
2778,rnuhjobv,129095,swedish,vilnius,21,1,0,0
2781,zdqtaexj,135890,austrian,amsterdam,0,1,0,0
2782,gfpcdhkb,135891,austrian,amsterdam,1,0,0,0
2783,qeklncta,135892,austrian,amsterdam,3,0,0,0
2784,hebytism,135893,austrian,amsterdam,5,1,0,0
2785,nzqjkrow,135894,austrian,amsterdam,7,1,0,0
2786,psjafimc,135895,austrian,amsterdam,17,0,0,0
2787,olcfkntz,135896,austrian,amsterdam,19,0,0,0
2793,ctepuxnk,135902,belgian,amsterdam,16,0,0,0
2794,ljwteogz,135903,bulgarian,amsterdam,14,0,0,0
2795,gyafpovu,135904,bulgarian,amsterdam,16,0,0,0
2798,dgpxwrbk,135907,croatian,amsterdam,3,0,0,0
2799,tkhnqcxo,135908,croatian,amsterdam,5,0,0,0
2800,pnvqekch,135909,czech,amsterdam,3,1,0,0
2801,hvrbmqls,135910,czech,amsterdam,5,1,0,0
2804,rlpqubic,135913,danish,amsterdam,0,0,0,0
2805,qrpayesk,135914,danish,amsterdam,3,1,0,0
2806,joqpmcla,135915,danish,amsterdam,4,1,0,0
2807,svnugymh,135916,danish,amsterdam,6,1,0,0
2811,ozfwcrym,135920,dutch,amsterdam,2,0,0,0
2812,gojzmlsk,135921,dutch,amsterdam,4,0,0,0
2815,ygxmafnd,135924,estonian,amsterdam,3,1,0,0
2816,kuhfixrb,135925,estonian,amsterdam,5,1,0,0
2817,boprqxvl,135926,estonian,amsterdam,6,1,0,0
2818,vyisnhbf,135927,estonian,amsterdam,17,0,0,0
2819,aobcvhkm,135928,estonian,amsterdam,19,1,0,0
2824,lmsudrch,135933,finnish,amsterdam,3,1,0,0
2825,haromyce,135934,finnish,amsterdam,5,1,0,0
2826,gbxvptrd,135935,finnish,amsterdam,7,0,0,0
2833,ybzkaunl,135942,german,amsterdam,14,0,0,0
2834,qrdgcite,135943,greek,amsterdam,2,1,0,0
2835,sumtwgib,135944,greek,amsterdam,4,1,0,0
2836,tjahwgfp,135945,greek,amsterdam,19,1,0,0
2837,kubciojy,135946,greek,amsterdam,21,1,0,0
2842,ulsfhkjg,135951,hungarian,amsterdam,1,0,0,0
2843,wijuhzvo,135952,hungarian,amsterdam,4,0,0,0
2844,jfzcvagm,135953,hungarian,amsterdam,6,0,0,0
2845,daehbswq,135954,hungarian,amsterdam,5,0,0,0
2846,upgoevyc,135955,hungarian,amsterdam,7,0,0,0
2847,mpsgtuir,135956,hungarian,amsterdam,14,0,0,0
2848,eptnzxkc,135957,hungarian,amsterdam,16,0,0,0
2849,wfxbvgly,135958,hungarian,amsterdam,18,0,0,0
2850,pczqrxtg,135959,hungarian,amsterdam,21,1,0,0
2856,fejzomgw,135965,irish,amsterdam,2,0,0,0
2857,vmcuzyap,135966,irish,amsterdam,0,1,0,0
2858,xrysjudw,135967,irish,amsterdam,2,1,0,0
2859,pqndzbgv,135968,irish,amsterdam,3,1,0,0
2860,bvoxwzie,135969,irish,amsterdam,5,1,0,0
2861,agtikuzb,135970,irish,amsterdam,14,1,0,0
2862,ugjsfrpl,135971,irish,amsterdam,16,1,0,0
2863,ruxyfoag,135972,irish,amsterdam,17,0,0,0
2864,lujdwmae,135973,irish,amsterdam,19,0,0,0
2865,jhtodipl,135974,italian,amsterdam,16,0,0,0
2866,hwfgsxel,135975,italian,amsterdam,18,0,0,0
2867,afztixcg,135976,latvian,amsterdam,5,0,0,0
2868,jryutzld,135977,latvian,amsterdam,7,0,0,0
2869,btiqhrzv,135978,lithuanian,amsterdam,18,0,0,0
2870,twsbgkjv,135979,lithuanian,amsterdam,20,0,0,0
2873,njyukiwv,135982,luxembourgish,amsterdam,1,0,0,0
2874,gdxuelpk,135983,maltese,amsterdam,4,1,0,0
2875,qwheiapm,135984,maltese,amsterdam,6,1,0,0
2876,putilogc,135985,maltese,amsterdam,7,1,0,0
2879,qknamwoj,135988,polish,amsterdam,1,1,0,0
2880,hfbwgkud,135989,portuguese,amsterdam,1,0,0,0
2881,jrnfucwx,135990,portuguese,amsterdam,15,0,0,0
2882,ztynrsxp,135991,portuguese,amsterdam,17,0,0,0
2883,gdbuixty,135992,romanian,amsterdam,5,0,0,0
2884,jatergms,135993,romanian,amsterdam,15,0,0,0
2885,vsrczjqo,135994,romanian,amsterdam,17,0,0,0
2886,voxptzqf,135995,romanian,amsterdam,18,0,0,0
2887,udmvpzno,135996,romanian,amsterdam,20,0,0,0
2888,gdwshmit,135997,romanian,amsterdam,20,1,0,0
2892,cojyrmhg,136001,slovakian,amsterdam,7,1,0,0
2893,kdwhcixb,136002,slovakian,amsterdam,17,0,0,0
2894,rdmlyztb,136003,slovakian,amsterdam,19,0,0,0
2896,hvqsmxyt,136005,slovene,amsterdam,1,1,0,0
2897,sfkjuroa,136006,slovene,amsterdam,3,1,0,0
2898,roudiytv,136007,slovene,amsterdam,4,0,0,0
2899,mgcqpzwf,136008,slovene,amsterdam,6,0,0,0
2900,xcfqnbid,136009,slovene,amsterdam,15,0,0,0
2901,mupdwfhk,136010,slovene,amsterdam,17,0,0,0
2903,fxamyirh,136012,swedish,amsterdam,4,0,0,0
2904,omidwuxt,136013,swedish,amsterdam,3,0,0,0
2905,yeauhvxz,136014,swedish,amsterdam,5,0,0,0
2906,wduokngb,136015,austrian,copenhagen,1,0,0,0
2907,cbmqsyhf,136016,austrian,copenhagen,3,0,0,0
2908,wqmzcusv,136017,austrian,copenhagen,4,0,0,0
2909,hcebzswp,136018,austrian,copenhagen,6,0,0,0
2910,wqpcexag,136019,austrian,copenhagen,14,1,0,0
2911,ieztjslh,136020,austrian,copenhagen,17,1,0,0
2912,soxweifg,136021,austrian,copenhagen,19,1,0,0
2917,xadeqciu,136026,bulgarian,copenhagen,14,1,0,0
2918,deunclsj,136027,bulgarian,copenhagen,16,1,0,0
2919,uxoqahyd,136028,bulgarian,copenhagen,18,1,0,0
2920,tnzaqwpy,136029,bulgarian,copenhagen,20,0,0,0
2924,suyxzklv,136033,cypriot,copenhagen,1,1,0,0
2925,ytcpbadn,136034,cypriot,copenhagen,14,1,0,0
2930,lqdyjpan,136039,danish,copenhagen,1,0,0,0
2931,pijmyszg,136040,danish,copenhagen,4,1,0,0
2932,dvugnwlx,136041,danish,copenhagen,6,1,0,0
2933,xubrejgo,136042,danish,copenhagen,21,0,0,0
2934,epcfazlx,136043,estonian,copenhagen,7,0,0,0
2939,cqoidpbt,136048,finnish,copenhagen,1,1,0,0
2940,mpxdnorv,136049,finnish,copenhagen,2,0,0,0
2941,aejxldmr,136050,finnish,copenhagen,5,1,0,0
2942,vfsxuzrc,136051,finnish,copenhagen,7,1,0,0
2943,psmiloay,136052,finnish,copenhagen,15,0,0,0
2944,adgtnbcf,136053,finnish,copenhagen,17,0,0,0
2947,xphrtyfu,136056,french,copenhagen,2,1,0,0
2948,dafiwgjh,136057,french,copenhagen,4,1,0,0
2949,ordiwsfh,136058,french,copenhagen,16,1,0,0
2950,puytngmb,136059,french,copenhagen,18,1,0,0
2951,mbnhkwsz,136060,french,copenhagen,19,0,0,0
2952,pfertihc,136061,french,copenhagen,17,1,0,0
2953,kewpmdio,136062,french,copenhagen,19,1,0,0
2956,tlmcavyk,136065,greek,copenhagen,3,1,0,0
2957,tbknvzei,136066,greek,copenhagen,5,1,0,0
2962,qnomlekr,136071,hungarian,copenhagen,3,1,0,0
2963,xgfzpysm,136072,hungarian,copenhagen,5,0,0,0
2964,zymcdgrh,136073,hungarian,copenhagen,15,0,0,0
2965,qlnwtxoy,136074,hungarian,copenhagen,18,1,0,0
2966,zfptlesi,136075,hungarian,copenhagen,17,1,0,0
2967,jpzokrfs,136076,hungarian,copenhagen,19,1,0,0
2970,vcslmbri,136079,irish,copenhagen,1,0,0,0
2971,rnjchqml,136080,irish,copenhagen,2,0,0,0
2972,newjuadm,136081,irish,copenhagen,4,0,0,0
2973,nrcamjvd,136082,italian,copenhagen,3,1,0,0
2976,skqanrew,136085,lithuanian,copenhagen,6,0,0,0
2977,zutgbfvp,136086,lithuanian,copenhagen,20,0,0,0
2979,wylpkixs,136088,luxembourgish,copenhagen,0,1,0,0
2980,jleqnsgr,136089,luxembourgish,copenhagen,2,1,0,0
2981,uilrdohx,136090,luxembourgish,copenhagen,4,1,0,0
2982,cdigebax,136091,luxembourgish,copenhagen,6,1,0,0
2983,razijblu,136092,luxembourgish,copenhagen,18,1,0,0
2984,zeajgklp,136093,luxembourgish,copenhagen,20,1,0,0
2985,yxibqmcw,136094,polish,copenhagen,1,0,0,0
2986,xdpyovgr,136095,polish,copenhagen,3,0,0,0
2987,iunzwxcd,136096,polish,copenhagen,5,1,0,0
2988,yiqfrmto,136097,polish,copenhagen,7,1,0,0
3014,iwemcxyu,158603,luxembourgish,copenhagen,0,0,0,0
3015,aswzghqv,158604,bulgarian,amsterdam,18,1,0,0
3016,qpwhmvli,158606,slovakian,copenhagen,0,1,0,0
3017,atbfzxwd,158607,swedish,madrid,4,0,0,0
3018,lywshmbr,158608,spanish,madrid,17,1,0,0
3019,ogyvumkp,158609,cypriot,madrid,6,0,0,0
3020,ctyhmlus,158610,luxembourgish,amsterdam,15,0,0,0
3021,egjxnypm,158611,austrian,amsterdam,3,1,0,0
3022,hlektapi,158612,finnish,madrid,15,1,0,0
3023,kfhswcpm,158613,bulgarian,amsterdam,0,1,0,0
3024,htmsgzyq,158614,hungarian,amsterdam,18,1,0,0
3025,gshebfxd,158615,belgian,amsterdam,3,1,0,0
3026,lhpodgwc,158616,finnish,madrid,0,1,0,0
3030,fliqxmcs,158618,irish,paris,0,1,0,0
3032,gxumefql,158620,croatian,amsterdam,21,0,0,0
3033,vlazumxk,158621,cypriot,sofia,17,1,0,0
3034,nopvaqxs,158622,hungarian,sofia,3,1,0,0
3035,piowegqh,158623,slovakian,amsterdam,15,0,0,0
3036,uoxpnjsy,158624,finnish,sofia,1,1,0,0
3037,icmhtnjl,158625,dutch,vienna,6,0,0,0
3039,grtupkja,158627,hungarian,sofia,0,0,0,0
3040,netqzkbc,158628,czech,vienna,16,0,0,0
3041,kyxrhgpa,158629,maltese,vienna,0,0,0,0
3042,rdipvzlk,158630,cypriot,valletta,2,0,0,0
3043,jtozcrdu,158631,hungarian,rome,19,1,0,0
3044,weftmbqc,158632,maltese,sofia,1,0,0,0
3045,uqfzvgtn,158633,polish,copenhagen,18,0,0,0
3046,tfesclbh,158634,czech,paris,15,1,0,0
3047,cglxqumb,158635,estonian,copenhagen,4,0,0,0
3048,brhmzlnk,158636,bulgarian,amsterdam,17,0,0,0
3050,qfzaxkht,158638,latvian,vilnius,3,0,0,0
3051,mrwzedqu,158639,romanian,paris,15,0,0,0
3054,wplvnhtj,158642,danish,vilnius,6,0,0,0
3055,emqayxfd,158643,slovakian,copenhagen,17,1,0,0
3056,jhnkszxd,158644,swedish,rome,2,1,0,0
3058,acjrloxh,158646,croatian,vilnius,6,0,0,0
3062,pjwcbomz,158648,slovakian,vilnius,15,1,0,0
3063,vxwhmrdz,158649,finnish,vilnius,18,1,0,0
3064,hwrdokxc,158650,swedish,paris,2,0,0,0
3067,qmjuckyo,158653,dutch,copenhagen,2,1,0,0
3068,kosfrwnp,158654,finnish,rome,2,1,0,0
3069,ndaxgvpe,158655,estonian,vilnius,5,0,0,0
3070,txkoynuz,158656,danish,paris,2,0,0,0
3071,jkdgfqht,158657,austrian,vienna,0,0,0,0
3072,oytidjue,158658,german,rome,5,0,0,0
3073,ebfachly,158659,polish,paris,3,0,0,0
3074,gsofxhjn,158660,estonian,sofia,15,0,0,0
3075,hivcosbm,158661,german,vienna,2,1,0,0
3077,kexcnfms,158663,lithuanian,amsterdam,3,0,0,0
3078,yfzktgum,158664,hungarian,amsterdam,4,1,0,0
3079,gvafzubp,158665,slovene,madrid,21,0,0,0
3080,eflivymp,158666,danish,madrid,0,1,0,0
3081,ryoikcwd,158667,luxembourgish,paris,4,1,0,0
3083,lxveoawz,158669,estonian,madrid,0,0,0,0
3086,erghzfmu,158672,bulgarian,copenhagen,16,0,0,0
3087,woapcvqs,158673,swedish,rome,0,1,0,0
3088,zxvmyibs,158674,cypriot,copenhagen,3,1,0,0
3089,qunyfrob,158675,finnish,vienna,2,1,0,0
3090,cqndmrgv,158676,french,valletta,6,0,0,0
3091,hiepvflq,158677,slovakian,sofia,21,0,0,0
3092,ktawxiol,158678,slovene,madrid,19,0,0,0
3093,sgremvnt,158679,spanish,sofia,4,0,0,0
3095,kfmeuzsv,158681,lithuanian,vilnius,15,0,0,0
3096,kyzvutda,158682,hungarian,valletta,4,0,0,0
3097,zdtlnsxp,158683,danish,sofia,18,1,0,0
3099,snchmzpw,158685,romanian,rome,1,1,0,0
3100,ekgisfmz,158686,estonian,madrid,6,0,0,0
3101,jpdbinko,158687,cypriot,vienna,1,0,0,0
3102,dteaywuo,158688,romanian,sofia,0,0,0,0
3104,ynjrwdgz,158690,bulgarian,paris,3,1,0,0
3105,adnzsvri,158691,danish,amsterdam,18,0,0,0
3108,owprxejg,158694,maltese,valletta,5,1,0,0
3110,jethnlsf,158696,danish,paris,0,0,0,0
3111,ircknzxu,158697,romanian,vilnius,1,1,0,0
3112,mwuhrple,158698,estonian,amsterdam,20,1,0,0
3113,kcnuatyi,158699,finnish,amsterdam,19,1,0,0
3114,mxekovah,158700,spanish,amsterdam,20,1,0,0
3117,cbgqreiy,158703,romanian,paris,4,0,0,0
3118,kedmcxhf,158704,hungarian,valletta,0,0,0,0
3119,reuxfagv,158705,slovakian,vienna,16,1,0,0
3125,nwchqjlr,158708,polish,copenhagen,21,0,0,0
3126,hvkqwfjm,158709,german,amsterdam,0,0,0,0
3127,jdgptfur,158710,portuguese,vienna,0,0,0,0
3128,xylnmats,158711,hungarian,copenhagen,5,1,0,0
3129,fibmanpl,158712,luxembourgish,vilnius,19,1,0,0
3130,ckqodljz,158713,croatian,vienna,0,0,0,0
3131,lhupzgif,158714,hungarian,rome,5,0,0,0
3132,hmslaiux,158715,swedish,rome,2,0,0,0
3133,rmwlcuyo,158716,romanian,copenhagen,2,1,0,0
3135,gvsebnyq,158718,austrian,copenhagen,0,0,0,0
3136,kqcwpuzr,158719,maltese,rome,3,1,0,0
3137,wkdhaclm,158720,bulgarian,amsterdam,6,0,0,0
3138,oxwidrja,158721,austrian,vilnius,3,0,0,0
3143,qkepuxco,158724,italian,amsterdam,20,1,0,0
3145,krfixcsl,158726,lithuanian,vienna,0,0,0,0
3146,hpvsouzk,158727,danish,paris,2,1,0,0
3147,gtzmeahk,158728,slovakian,amsterdam,2,1,0,0
3148,cvmhjypw,158729,portuguese,amsterdam,0,0,0,0
3149,kpglwbsz,158730,swedish,rome,1,0,0,0
3150,mtjlzafv,158731,romanian,paris,16,1,0,0
3155,aqkldvcu,158734,greek,vilnius,19,0,0,0
3156,yeqrgtjh,158735,spanish,copenhagen,1,1,0,0
3159,ewuvshlm,158738,hungarian,vienna,16,0,0,0
3160,yabuvphf,158739,luxembourgish,rome,3,0,0,0
3162,qormwfkx,158741,dutch,amsterdam,1,0,0,0
3163,zrvhxgiw,158742,hungarian,sofia,0,1,0,0
3164,kwgpbdtr,158743,swedish,paris,18,1,0,0
3165,lmcitgbp,158744,hungarian,vienna,16,1,0,0
3166,zgxiupyk,158745,maltese,vilnius,6,0,0,0
3167,vcufmwqo,158746,greek,amsterdam,5,1,0,0
3168,gqjmwrha,158747,irish,madrid,17,1,0,0
3169,zrcjasqo,158748,italian,paris,19,1,0,0
3170,nfwecbxz,158749,austrian,madrid,1,0,0,0
3173,xpmygicb,158752,slovakian,paris,0,1,0,0
3174,gkiqhnld,158753,lithuanian,paris,5,0,0,0
3175,qkmdaotg,158754,czech,paris,0,0,0,0
3176,oupdsimr,158755,maltese,paris,6,0,0,0
3178,mnvaswcq,158757,dutch,paris,6,0,0,0
3179,uaspelcj,158758,maltese,vilnius,5,0,0,0
3181,qkucfioa,158760,belgian,madrid,6,0,0,0
3183,wjyfcxov,158762,dutch,vilnius,3,0,0,0
3184,ftwyeino,158763,luxembourgish,paris,1,0,0,0
3185,wipvhomd,158764,dutch,vilnius,1,1,0,0
3188,vfndagio,158767,luxembourgish,amsterdam,16,0,0,0
3189,fhgablnx,158768,croatian,madrid,19,1,0,0
3191,ibjokzsh,158770,croatian,valletta,6,1,0,0
3192,fbkyxhlr,158771,latvian,paris,0,1,0,0
3193,icnutlsr,158772,croatian,amsterdam,15,1,0,0
3194,foluvezs,158773,belgian,vilnius,0,0,0,0
3195,ywlogzct,158774,danish,valletta,4,0,0,0
3196,qgrlkayo,158775,latvian,valletta,0,0,0,0
3197,pejgmxwa,158776,polish,paris,1,1,0,0
3198,kyvcznmd,158777,danish,rome,5,0,0,0
3199,kpgulqdz,158778,hungarian,madrid,18,1,0,0
3200,tyvblwom,158779,finnish,paris,6,0,0,0
3202,qnvjfuzy,158781,dutch,amsterdam,19,1,0,0
3204,kvlcyhqb,158783,italian,vienna,20,0,0,0
3205,wobhkgxa,158784,slovakian,rome,18,1,0,0
3206,hcmdosie,158785,french,vienna,5,0,0,0
3207,uirysvfm,158786,slovakian,madrid,0,0,0,0
3208,qvcszfaj,158787,italian,madrid,21,0,0,0
3209,rbszhvqp,158788,slovakian,copenhagen,1,0,0,0
3210,iktljocq,158789,estonian,madrid,5,0,0,0
3211,lvdbeknm,158790,slovene,rome,2,0,0,0
3212,huflmxkt,158791,danish,paris,15,0,0,0
3213,olcmtnvf,158792,bulgarian,madrid,0,0,0,0
3214,ywmlcvst,158793,bulgarian,paris,2,1,0,0
3217,pjclwtmh,158796,bulgarian,vilnius,17,1,0,0
3218,fvgwtsqm,158797,latvian,paris,1,0,0,0
3219,mfoxgbth,158798,polish,paris,0,0,0,0
3220,bzxswtmi,158799,romanian,paris,20,1,0,0
3221,iwqfeaxu,158800,italian,madrid,6,0,0,0
3222,fihydxzc,158801,spanish,madrid,4,0,0,0
3223,rfywxaqi,158802,austrian,rome,21,1,0,0
3225,jcuxgpam,158804,hungarian,sofia,2,1,0,0
3226,aiqhlbnk,158805,slovene,vilnius,1,0,0,0
3227,ysthdcmk,158806,bulgarian,sofia,1,0,0,0
3228,vsjtwqrg,158807,latvian,amsterdam,0,0,0,0
3233,stznhdml,158810,austrian,valletta,19,1,0,0
3235,awznjioe,158812,romanian,vilnius,2,0,0,0
3236,wlcyjfqo,158813,swedish,amsterdam,21,1,0,0
3237,fljizvkb,158814,austrian,paris,5,1,0,0
3238,gxyhfkuo,158815,bulgarian,rome,5,1,0,0
3240,nerdthox,158817,italian,rome,2,1,0,0
3241,ujxotfqm,158818,slovakian,rome,21,0,0,0
3243,viubexct,158820,czech,amsterdam,1,1,0,0
3244,fsqkrgxl,158821,swedish,amsterdam,6,1,0,0
3245,mbcntrue,158822,bulgarian,madrid,16,0,0,0
3246,tvmbdgqr,158823,spanish,rome,5,1,0,0
3247,rflqunot,158824,luxembourgish,paris,6,0,0,0
3248,bdomintg,158825,slovakian,vienna,2,0,0,0
3249,nbserawl,158826,maltese,paris,5,1,0,0
3250,dzplwmru,158827,romanian,sofia,2,1,0,0
3251,hkfswtjp,158828,hungarian,amsterdam,0,1,0,0
3252,zyslrdwf,158829,bulgarian,amsterdam,4,0,0,0
3253,xousvany,158830,maltese,sofia,2,1,0,0
3254,ogfdrlqs,158831,slovene,paris,2,1,0,0
3255,jagimpur,158832,swedish,rome,5,1,0,0
3259,apblhfoy,158834,hungarian,madrid,4,1,0,0
3260,otswanqy,158835,bulgarian,paris,18,1,0,0
3261,gmtaruwp,158836,greek,paris,2,0,0,0
3262,ikzjlthg,158837,italian,paris,2,0,0,0
3263,zgbqryek,158838,slovakian,vienna,17,1,0,0
3264,mwoazetl,158839,polish,valletta,4,0,0,0
3265,vdzstupf,158840,bulgarian,vilnius,0,0,0,0
3266,lpoficdg,158841,estonian,rome,6,1,0,0
3267,qjeaoskm,158842,maltese,sofia,1,1,0,0
3268,htkvrfpg,158843,danish,madrid,20,1,0,0
3269,mpqsnodg,158844,austrian,rome,16,0,0,0
3270,ixkvaczt,158845,hungarian,valletta,20,1,0,0
3274,jaefohyg,158849,swedish,sofia,0,1,0,0
3275,pexqlgbv,158850,hungarian,vilnius,0,1,0,0
3276,trwnaouv,158851,luxembourgish,vienna,0,1,0,0
3277,wnlfvsmu,158852,danish,vilnius,15,0,0,0
3278,vjkctsrd,158853,slovakian,copenhagen,6,0,0,0
3279,mnfloiez,158854,estonian,paris,2,1,0,0
3280,rjugnmsd,158855,maltese,sofia,2,0,0,0
3283,kqwhvtpl,158857,belgian,valletta,18,0,0,0
3286,bczmsvyq,158860,latvian,sofia,3,0,0,0
3287,mpquacwo,158861,danish,paris,0,1,0,0
3289,ysogicfq,158863,swedish,vienna,5,0,0,0
3292,xzunypsa,158866,hungarian,rome,0,1,0,0
3293,mqoehckx,158867,swedish,paris,1,1,0,0
3295,xonfwhlk,158869,finnish,rome,4,1,0,0
3296,vduyisjh,158870,spanish,sofia,17,1,0,0
3297,fycpnedr,158871,french,vilnius,18,1,0,0
3298,velbxosj,158872,swedish,paris,15,0,0,0
3300,fgieaqoc,158874,slovene,valletta,16,1,0,0
3301,rsixueyk,158875,swedish,amsterdam,18,1,0,0
3302,uqofavij,158876,estonian,vienna,0,0,0,0
3303,civkyabn,158877,hungarian,sofia,19,0,0,0
3304,clutvybm,158878,czech,amsterdam,1,1,0,0
3307,ekxsphot,158880,lithuanian,paris,6,1,0,0
3308,oxsibnuv,158881,hungarian,madrid,16,1,0,0
3309,zwfqntgr,158882,austrian,vienna,2,1,0,0
3310,decnvwsj,158883,greek,vienna,0,1,0,0
3311,iwtxyuev,158884,hungarian,vienna,0,0,0,0
3313,hjxtdkne,158886,maltese,amsterdam,16,0,0,0
3314,ocxriwdz,158887,czech,vilnius,0,1,0,0
3316,qdnmgyaw,158889,german,amsterdam,1,0,0,0
3318,iczbrtxo,158891,hungarian,rome,18,0,0,0
3319,ohcbnqxk,158892,portuguese,amsterdam,21,1,0,0
3320,ubyinzla,158893,hungarian,paris,1,1,0,0
3321,dpsagmiu,158894,swedish,vienna,1,0,0,0
3322,wltsznfm,158895,slovakian,rome,1,0,0,0
3323,zumcxwjd,158896,austrian,sofia,2,0,0,0
3324,niugdham,158897,danish,amsterdam,2,1,0,0
3325,dhfobgiw,158898,luxembourgish,valletta,0,0,0,0
3327,lovmgejp,158900,maltese,rome,1,0,0,0
3328,xkigrtsa,158901,slovene,copenhagen,5,1,0,0
3329,cjtkoufp,158902,austrian,paris,0,1,0,0
3336,aunjodzy,158907,croatian,vilnius,21,1,0,0
3337,jdzgqyls,158908,romanian,copenhagen,1,0,0,0
3338,wtuxhcev,158909,polish,amsterdam,0,0,0,0
3339,zydxhmoa,158910,bulgarian,copenhagen,2,1,0,0
3340,klqaxhvf,158911,maltese,copenhagen,1,0,0,0
3342,rmbajinl,158913,belgian,sofia,0,0,0,0
3343,melbfusp,158914,slovakian,sofia,5,0,0,0
3345,cwtsfgbo,158916,romanian,sofia,3,1,0,0
3346,rpgacbms,158917,finnish,rome,6,1,0,0
3348,vuwxhsnp,158919,irish,madrid,6,1,0,0
3350,lwhozgxd,158921,danish,vienna,0,1,0,0
3351,knuevcrl,158922,estonian,amsterdam,16,1,0,0
3352,baxvyqjz,158923,croatian,rome,0,1,0,0
3353,icmjslpt,158924,finnish,paris,6,1,0,0
3355,bacmpedf,158926,spanish,copenhagen,0,0,0,0
3356,jtbkxndp,158927,maltese,madrid,21,0,0,0
3357,jneaorqm,158928,finnish,amsterdam,20,1,0,0
3358,jdxekfmi,158929,swedish,vilnius,3,1,0,0
3359,zheafqbv,158930,italian,rome,4,1,0,0
3360,sqboxrfy,158931,french,rome,0,0,0,0
3362,icnxzkef,158933,bulgarian,rome,21,0,0,0
3363,omrchdgs,158934,latvian,amsterdam,6,0,0,0
3365,zscghkrb,158936,german,valletta,16,1,0,0
3366,wpukeoql,158937,slovakian,paris,6,0,0,0
3367,npavhxwq,158938,finnish,paris,21,0,0,0
3369,ytrmhvda,158940,austrian,vienna,19,0,0,0
3370,mofnevtd,158941,luxembourgish,amsterdam,18,0,0,0
3371,udqtwzkj,158942,irish,madrid,21,0,0,0
3372,abowvrxd,158943,austrian,madrid,0,1,0,0
3373,awrtlfpn,158944,romanian,madrid,3,0,0,0
3375,jgekdbph,158946,irish,vilnius,4,1,0,0
3376,hefwimpb,158947,bulgarian,copenhagen,0,0,0,0
3377,vstnmelp,158948,slovakian,amsterdam,18,0,0,0
3378,poiubwls,158949,spanish,sofia,4,1,0,0
3379,vnfklyri,158950,latvian,paris,6,0,0,0
3380,molicyfz,158951,dutch,madrid,0,1,0,0
3381,uhjqwntx,158952,swedish,copenhagen,0,1,0,0
3382,xfdweuhm,158953,hungarian,rome,3,1,0,0
3383,ritqdoba,158954,estonian,paris,3,1,0,0
3384,khmlzois,158955,luxembourgish,amsterdam,0,0,0,0
3385,igkyexms,158956,maltese,paris,2,1,0,0
3389,tmljsuyp,158959,bulgarian,vienna,2,1,0,0
3390,hngyqdfi,158960,irish,valletta,1,1,0,0
3395,rcjpdzka,158962,slovakian,copenhagen,4,0,0,0
3396,hdrflcgv,158963,dutch,amsterdam,0,1,0,0
3397,ircqtgdl,158964,dutch,vienna,1,0,0,0
3398,yahwqdmc,158965,bulgarian,copenhagen,2,1,0,0
3399,rzwkvtmu,158966,estonian,rome,15,1,0,0
3400,xetdkpgj,158967,lithuanian,rome,17,0,0,0
3401,umxbleng,158968,romanian,copenhagen,6,1,0,0
3402,xtrklamh,158969,danish,vienna,3,1,0,0
3403,ehtvmnuw,158970,hungarian,paris,0,1,0,0
3406,heyukjnz,158973,hungarian,vilnius,6,0,0,0
3407,oqjzucpg,158974,hungarian,paris,19,1,0,0
3408,lfgwtima,158975,maltese,amsterdam,15,0,0,0
3409,uemzsloi,158976,croatian,madrid,18,0,0,0
3411,etjmrikz,158978,dutch,vienna,1,0,0,0
3414,glkyeibw,158980,spanish,amsterdam,3,1,0,0
3415,udyhkext,158981,hungarian,paris,16,0,0,0
3416,hqwtxvyi,158982,austrian,vilnius,0,1,0,0
3417,mpjhqtyw,158983,greek,paris,16,1,0,0
3418,cbnqzeva,158984,slovene,copenhagen,2,0,0,0
3420,flgnsbta,158986,estonian,vilnius,1,1,0,0
3422,bhqknime,158988,bulgarian,amsterdam,4,1,0,0
3423,roiwvpzl,158989,hungarian,rome,2,1,0,0
3424,ogqujidp,158990,belgian,copenhagen,0,0,0,0
3425,czadpmyk,158991,romanian,amsterdam,0,0,0,0
3427,lapvshjf,158993,estonian,madrid,20,1,0,0
3429,ugdmfbez,158995,estonian,vienna,15,0,0,0
3430,msgwpftb,158996,dutch,amsterdam,0,0,0,0
3431,rexfvtyw,158997,belgian,madrid,3,1,0,0
3432,wtemnkch,158998,slovakian,valletta,2,0,0,0
3433,scdljzow,158999,maltese,vienna,0,1,0,0
3435,ncofyimp,159001,maltese,valletta,4,1,0,0
3436,pfcunlgz,159002,slovakian,amsterdam,15,1,0,0
3437,xazwsjbl,159003,cypriot,paris,3,0,0,0
3439,opkawylc,159005,croatian,sofia,2,0,0,0
3440,cibqyuak,159006,luxembourgish,amsterdam,0,1,0,0
3441,osekrpbt,159007,czech,rome,0,1,0,0
3442,uymwfvgk,159008,danish,vienna,4,0,0,0
3443,rfvcsobz,159009,german,sofia,0,0,0,0
3444,iqzvkcus,159010,cypriot,paris,1,1,0,0
3445,vmjbytfh,159011,italian,amsterdam,2,0,0,0
3446,wlyfdzrm,159012,austrian,rome,0,1,0,0
3447,zdpuwiae,159013,belgian,copenhagen,16,0,0,0
3448,yizmfhka,159014,danish,paris,6,0,0,0
3453,emilrtxf,159017,romanian,rome,0,0,0,0
3454,tbxkazwg,159018,slovakian,paris,19,0,0,0
3456,xadfmbkr,159020,bulgarian,copenhagen,3,1,0,0
3457,kowbaqls,159021,polish,rome,0,1,0,0
3458,ezwmtynv,159022,maltese,vienna,0,1,0,0
3459,ygsejzcl,159023,belgian,vilnius,21,1,0,0
3464,ifkyuevx,159025,croatian,copenhagen,18,0,0,0
3465,efusipwl,159026,hungarian,paris,5,0,0,0
3466,hocgkqmt,159027,austrian,amsterdam,0,0,0,0
3470,otvpmzlj,159029,latvian,paris,17,0,0,0
3471,isqatlzm,159030,swedish,amsterdam,6,0,0,0
3478,zbxjqwis,159034,slovakian,rome,19,1,0,0
3479,glwpmnda,159035,bulgarian,rome,17,0,0,0
3481,dzslxcwg,159037,czech,amsterdam,0,0,0,0
3482,qawdrfmn,159038,austrian,vienna,4,0,0,0
3483,yixwvlkg,159039,maltese,copenhagen,0,0,0,0
3485,idmftgse,159041,austrian,rome,6,0,0,0
3488,ndjrpzut,159044,spanish,paris,4,1,0,0
3489,avckpuqw,159045,maltese,vienna,0,1,0,0
3491,fipgjzay,159047,swedish,paris,4,1,0,0
3492,wzpikbam,159048,austrian,paris,19,0,0,0
3493,wagzbvso,159049,swedish,vilnius,18,1,0,0
3494,wczxyqlm,159050,danish,valletta,6,1,0,0
3495,phbfcjmu,159051,romanian,paris,1,1,0,0
3499,ezgavtwh,159054,romanian,rome,0,0,0,0
3500,ekduamov,159055,slovene,paris,1,0,0,0
3501,wpgkdjhv,159056,hungarian,vienna,2,1,0,0
3502,vmdsnxjc,159057,spanish,amsterdam,5,0,0,0
3503,bswhnctx,159058,estonian,vilnius,0,1,0,0
3505,zmfhgavn,159060,hungarian,paris,4,1,0,0
3506,poaczgeb,159061,estonian,madrid,4,1,0,0
3507,xdyqwarn,159062,romanian,copenhagen,18,0,0,0
3508,ltsqbcey,159063,finnish,valletta,1,1,0,0
3509,fwrqamns,159064,austrian,rome,1,0,0,0
3510,tqhncygf,159065,slovakian,amsterdam,1,0,0,0
3511,obwkgplc,159066,spanish,amsterdam,1,1,0,0
3512,rhysoqip,159067,dutch,paris,2,1,0,0
3513,bmohqkdn,159068,danish,rome,2,1,0,0
3515,kzlagjof,159070,finnish,rome,19,0,0,0
3516,uiwyaobd,159071,czech,copenhagen,0,1,0,0
3517,flutakse,159072,romanian,rome,2,0,0,0
3519,tlbnhfdm,159074,swedish,vilnius,0,0,0,0
3520,mrdhnkyz,159075,slovene,paris,6,0,0,0
3525,qeftlzya,159078,danish,vienna,2,0,0,0
3526,mrexpdtf,159079,bulgarian,paris,21,0,0,0
3527,uqpbdoca,159080,finnish,amsterdam,0,1,0,0
3528,ijvhgudm,159081,slovene,sofia,1,1,0,0
3529,lpbrnwqc,159082,polish,valletta,0,0,0,0
3531,qucsfhxk,159084,czech,copenhagen,21,1,0,0
3532,iqxdvofj,159085,romanian,rome,0,1,0,0
3533,uehiqdvl,159086,danish,amsterdam,21,1,0,0
3534,nhuqmjfz,159087,portuguese,copenhagen,0,0,0,0
3535,skjfehgr,159088,hungarian,rome,1,0,0,0
3536,bjmkyrlp,159089,austrian,rome,0,0,0,0
3538,cswxmvgh,159091,austrian,paris,18,0,0,0
3539,qtgshjpi,159092,irish,vilnius,0,0,0,0
3541,iewualvd,159094,maltese,copenhagen,18,0,0,0
3542,sbmhexol,159095,dutch,vilnius,0,1,0,0
3543,odivrwgq,159096,luxembourgish,vilnius,1,1,0,0
3544,ostumngp,159097,greek,rome,18,1,0,0
3545,lzxmqyot,159098,french,amsterdam,0,1,0,0
3546,znqskbap,159099,estonian,madrid,19,1,0,0
3547,dozgcevt,159100,hungarian,paris,5,1,0,0
3548,sqpznkwg,159101,german,valletta,4,0,0,0
3549,uevxpbmr,159102,italian,madrid,19,0,0,0
3550,jtnmisgp,159103,bulgarian,madrid,5,0,0,0
3551,sypmxjgo,159104,greek,amsterdam,0,0,0,0
3552,mfnvjexs,159105,czech,amsterdam,17,1,0,0
3553,kfiyozqm,159106,greek,amsterdam,17,0,0,0
3554,kozinjux,159107,romanian,valletta,0,0,0,0
3555,zsgawejh,159108,belgian,madrid,0,0,0,0
3556,eqgnzjdr,159109,austrian,sofia,2,1,0,0
3557,dslopnui,159110,slovene,rome,1,0,0,0
3558,eujiqzgx,159111,romanian,vienna,18,0,0,0
3560,cbhuevfj,159113,dutch,paris,4,0,0,0
3561,yeorpfxi,159114,latvian,rome,18,0,0,0
3562,aiqvetsz,159115,spanish,copenhagen,20,1,0,0
3563,bxmsugwy,159116,finnish,sofia,0,1,0,0
3565,ragcnlit,159118,bulgarian,sofia,4,1,0,0
3567,pcmwyzjr,159120,austrian,paris,20,1,0,0
3568,awyuedog,159121,hungarian,paris,2,1,0,0
3569,wtefcnqb,159122,estonian,madrid,18,0,0,0
3570,weypkzsn,159123,belgian,madrid,17,0,0,0
3571,iupralwc,159124,slovakian,paris,2,0,0,0
3572,bqeypdgj,159125,romanian,paris,4,1,0,0
3574,hrisocwe,159127,irish,valletta,1,0,0,0
3575,nhcjbdal,159128,slovene,valletta,20,1,0,0
3577,gxzqicbh,159130,austrian,vienna,5,1,0,0
3578,sjerbwdf,159131,luxembourgish,copenhagen,21,1,0,0
3581,lwonpqys,159133,austrian,vienna,0,1,0,0
3582,rbgexmwa,159134,swedish,rome,0,0,0,0
3583,dspwqojg,159135,slovakian,rome,1,1,0,0
3584,jpyquelk,159136,portuguese,rome,0,1,0,0
3585,uicnxdpw,159137,hungarian,sofia,21,1,0,0
3586,wgmrvsdh,159138,croatian,copenhagen,3,0,0,0
3587,zauqwptj,159139,slovakian,madrid,16,1,0,0
3593,brymqwpg,159142,portuguese,vilnius,6,0,0,0
3594,sazwrqin,159143,slovene,paris,0,1,0,0
3595,balgqhjn,159144,greek,vienna,18,0,0,0
3596,vwkuarpq,159145,dutch,rome,18,1,0,0
3601,sefychqr,159148,spanish,vilnius,1,0,0,0
3602,rlbatcks,159149,finnish,vilnius,0,0,0,0
3603,zfnuypar,159150,bulgarian,sofia,17,0,0,0
3604,emsbjziu,159151,spanish,paris,1,1,0,0
3606,zckrifbx,159153,swedish,paris,3,0,0,0
3607,bnzgrcpw,159154,greek,copenhagen,0,0,0,0
3608,jwaeungs,159155,romanian,vienna,15,0,0,0
3609,hxijkcmo,159156,maltese,vienna,18,0,0,0
3610,wbhzudla,159157,dutch,paris,18,1,0,0
3611,vonqyxfg,159158,italian,valletta,0,0,0,0
3612,kvnuyohb,159159,spanish,vilnius,5,0,0,0
3613,nhgeqxil,159160,romanian,rome,4,1,0,0
3614,klbyrvfw,159161,austrian,paris,20,1,0,0
3615,jwxgqvas,159162,belgian,madrid,0,0,0,0
3616,hpudbtor,159163,lithuanian,paris,4,1,0,0
3618,yqpiksfn,159165,hungarian,vienna,4,1,0,0
3620,wkiybcqm,159167,finnish,paris,16,1,0,0
3625,ucoidzre,159170,irish,madrid,5,0,0,0
3626,pcaewqkz,161028,greek,copenhagen,6,0,0,0
3628,jxgnbtal,161030,slovakian,copenhagen,5,0,0,0
3629,wgasoxdi,161031,estonian,rome,18,0,0,0
3630,sbuofpgr,161032,hungarian,amsterdam,2,1,0,0
3632,rxzdqjvu,161034,finnish,amsterdam,16,1,0,0
3633,borcqzjl,161035,cypriot,vilnius,0,1,0,0
3634,jdvihywz,161036,austrian,sofia,0,1,0,0
3639,dlyoergb,161039,dutch,amsterdam,20,0,0,0
3640,stumqhdg,161040,greek,sofia,15,1,0,0
3641,tplhsyjr,161041,slovakian,paris,20,1,0,0
3642,bomyeqzc,161042,greek,rome,15,1,0,0
3643,xzmwdtcn,161043,irish,vilnius,5,0,0,0
3645,dypftlgh,161045,finnish,amsterdam,21,0,0,0
3646,jkhlvzwm,161046,lithuanian,madrid,0,0,0,0
3647,indbkarz,161047,czech,rome,6,1,0,0
3648,uoqfexmg,161048,lithuanian,paris,0,0,0,0
3649,xfsdwotu,161049,hungarian,rome,4,0,0,0
3651,wepfasij,161051,finnish,vilnius,4,0,0,0
3652,edakwihm,161052,finnish,vilnius,21,1,0,0
3656,ghkmvpur,161054,finnish,copenhagen,1,0,0,0
3657,rvwxmlzn,161055,finnish,paris,4,0,0,0
3658,xgpetlsw,161056,polish,paris,5,0,0,0
3659,fitxroua,161057,spanish,paris,18,1,0,0
3660,xzsgionw,161058,croatian,paris,6,1,0,0
3661,fbukapnt,161059,bulgarian,madrid,19,0,0,0
3662,pmycjvez,161060,dutch,rome,0,1,0,0
3664,hodujiqg,161062,irish,copenhagen,6,0,0,0
3665,byuwipnm,161063,austrian,paris,2,1,0,0
3666,gvuzotby,161064,polish,madrid,0,0,0,0
3667,yqtoaudw,161065,slovakian,madrid,3,0,0,0
3669,eqksyoxr,161067,german,copenhagen,6,0,0,0
3670,bnwikeyg,161068,bulgarian,rome,0,1,0,0
3671,czpqratx,161069,hungarian,paris,2,0,0,0
3672,hgklmxre,161070,finnish,sofia,4,0,0,0
3673,kuocqhyi,161071,austrian,madrid,3,1,0,0
3674,ruybgfao,161072,maltese,amsterdam,18,1,0,0
3675,sohqilmv,161073,latvian,rome,20,0,0,0
3678,huzpnscy,161076,french,madrid,16,0,0,0
3679,djlgtayx,161077,hungarian,vilnius,16,1,0,0
3680,ubgqvxtw,161078,french,rome,5,1,0,0
3681,flikmozu,161079,belgian,vilnius,0,1,0,0
3682,xtimepwk,161080,german,paris,0,1,0,0
3683,nvelthoi,161081,french,copenhagen,3,1,0,0
3684,fawiylxt,161082,slovakian,amsterdam,16,0,0,0
3687,iuqwoetm,161085,swedish,valletta,0,0,0,0
3688,cxlunovp,161086,portuguese,paris,1,1,0,0
3689,tpacdjyi,161087,french,paris,0,1,0,0
3690,etwmsaly,161088,slovakian,madrid,3,0,0,0
3691,ahdiopvz,161089,hungarian,madrid,17,1,0,0
3694,nmuydilb,161091,dutch,amsterdam,15,1,0,0
3695,xckozruy,161092,irish,vilnius,17,1,0,0
3696,engvdayb,161093,slovakian,sofia,0,0,0,0
3699,pabsdxfw,161095,italian,paris,1,0,0,0
3700,bjvnklmy,161096,german,copenhagen,16,0,0,0
3701,cigfulse,161097,luxembourgish,madrid,15,1,0,0
3702,pcuoafjq,161098,hungarian,sofia,1,0,0,0
3710,ylrategw,161102,swedish,vilnius,19,0,0,0
3711,xnsfwkmo,161103,latvian,rome,0,0,0,0
3712,bvxahmlq,161104,austrian,paris,6,0,0,0
3713,elsiftbz,161105,estonian,paris,4,0,0,0
3714,shfdbkzp,161106,hungarian,copenhagen,16,0,0,0
3715,xicnyeof,161107,dutch,amsterdam,5,1,0,0
3716,xlrpsjib,161108,czech,rome,0,0,0,0
3717,gfavnhxb,161109,polish,rome,4,1,0,0
3719,oxmpkqgj,161111,irish,valletta,0,0,0,0
3720,svlwabpy,161112,danish,amsterdam,1,0,0,0
3721,khfwejaz,161113,lithuanian,madrid,6,1,0,0
3722,tsmofnah,161114,slovakian,sofia,0,0,0,0
3725,rwzcatfk,161116,austrian,vilnius,19,1,0,0
3726,hxvrytsm,161117,finnish,paris,5,1,0,0
3727,oxuqancf,161118,bulgarian,madrid,15,0,0,0
3728,wrocqhxb,161119,greek,vienna,6,0,0,0
3729,iqkwvbnr,161120,bulgarian,sofia,0,0,0,0
3731,rqslzwtu,161122,latvian,paris,16,1,0,0
3732,sqzrfltv,161123,hungarian,vienna,19,0,0,0
3733,nmirkvbf,161124,austrian,vilnius,17,0,0,0
3734,qcvotgsd,161125,czech,paris,2,0,0,0
3735,bmzhewcq,161126,croatian,paris,0,0,0,0
3736,yrwjzvsk,161127,romanian,copenhagen,0,1,0,0
3737,cvlinfdj,161128,hungarian,madrid,6,0,0,0
3738,ndagkowp,161129,croatian,amsterdam,4,0,0,0
3739,jlwxcfgs,161130,lithuanian,copenhagen,3,1,0,0
3740,bkumrwsa,161131,slovene,paris,20,1,0,0
3741,eniurdyq,161132,maltese,amsterdam,3,1,0,0
3743,wlqibonu,161134,german,vilnius,15,0,0,0
3744,dcuteozi,161135,estonian,paris,5,0,0,0
3745,ocjqtfxu,161136,romanian,amsterdam,15,1,0,0
3746,tivmnqua,161137,italian,rome,0,1,0,0
3750,hqiorlca,161140,slovakian,rome,18,0,0,0
3751,hpynivmo,161141,slovakian,rome,6,0,0,0
3752,tgqmpkab,161142,czech,madrid,19,1,0,0
3753,bqpunilv,161143,slovene,vienna,0,0,0,0
3755,cksegvox,161145,greek,vilnius,15,0,0,0
3757,ubqylmpk,161147,swedish,rome,4,0,0,0
3763,pryonivd,161150,maltese,madrid,0,1,0,0
3764,payfinsw,161151,finnish,vienna,21,0,0,0
3768,tnrigzcu,161153,luxembourgish,paris,0,1,0,0
3769,xmbjhwde,161154,portuguese,copenhagen,5,1,0,0
3770,qdpikyun,161155,bulgarian,valletta,5,0,0,0
3773,mzqheycv,161158,french,amsterdam,3,0,0,0
3774,sjwlrdvo,161159,cypriot,vienna,0,1,0,0
3775,svouaqfh,161160,finnish,rome,3,0,0,0
3776,ihojumtv,161161,portuguese,copenhagen,3,0,0,0
3777,njwldxfo,161162,polish,rome,0,0,0,0
3778,qsxebuak,161163,french,vilnius,0,0,0,0
3779,jugwrhld,161164,hungarian,madrid,17,0,0,0
3780,mqtcnhld,161165,estonian,rome,15,0,0,0
3781,ymfzpakw,202353,romanian,paris,6,0,0,0
3782,lqcysriu,202354,estonian,rome,0,1,0,0
3783,vlkiejto,202355,lithuanian,vienna,1,0,0,0
3784,aikyzthj,202356,french,amsterdam,3,1,0,0
3785,atxpdyzk,202357,portuguese,vilnius,0,0,0,0
3786,xsrmjipo,202358,hungarian,vilnius,3,1,0,0
3787,wkrmxvdu,202359,finnish,madrid,16,1,0,0
3788,ruxvseky,202360,belgian,copenhagen,0,1,0,0
3789,mvfyitzk,202361,slovene,madrid,0,0,0,0
3790,ipyxeadm,202362,danish,vienna,19,0,0,0
3791,tmgorixz,202363,polish,sofia,0,0,0,0
3792,jupnteos,202364,spanish,rome,0,0,0,0
3793,qfxverpt,202365,croatian,sofia,0,1,0,0
3795,yjlwxsnd,202367,greek,amsterdam,0,1,0,0
3797,ahligxeo,202369,maltese,paris,2,0,0,0
3798,hzfewybs,202370,spanish,valletta,20,1,0,0
3799,dvgbhuno,202371,slovene,vienna,3,0,0,0
3800,gahdvjib,202372,luxembourgish,madrid,0,0,0,0
3801,blkfiszo,202373,danish,vienna,21,1,0,0
3802,nksuwfbo,202374,swedish,sofia,15,1,0,0
3804,zosquwnl,202376,swedish,vilnius,1,0,0,0
3807,cibtjogz,202379,greek,rome,1,0,0,0
3809,nflsqecm,202381,slovakian,valletta,4,0,0,0
3810,ubfzcrjs,202382,austrian,sofia,5,0,0,0
3811,gqdhzrsk,202383,latvian,copenhagen,3,0,0,0
3812,ruesywjb,202384,estonian,copenhagen,15,0,0,0
3813,lsfrxoyb,202385,estonian,vilnius,3,1,0,0
3814,fthzraiw,202386,italian,copenhagen,3,0,0,0
3815,iuebxavw,202387,hungarian,sofia,2,0,0,0
3816,elncogxz,202388,finnish,amsterdam,2,0,0,0
3817,niaqtgce,202389,luxembourgish,amsterdam,17,1,0,0
3821,vzhpjegr,202391,hungarian,madrid,15,0,0,0
3824,mfqvyjha,202393,french,amsterdam,1,0,0,0
3825,qsyivmap,202394,slovene,vienna,2,0,0,0
3826,wmzkjusc,202395,lithuanian,valletta,18,0,0,0
3828,gcksriwv,202397,italian,vienna,5,1,0,0
3829,xlawqzgp,202398,irish,madrid,0,1,0,0
3830,gmwjrfky,202399,polish,vilnius,1,1,0,0
3831,hkflvitp,202400,maltese,valletta,17,0,0,0
3832,ltcirxdw,202401,romanian,vienna,5,1,0,0
3833,qrscdefk,202402,french,amsterdam,21,0,0,0
3834,mwscjvda,202403,french,paris,4,1,0,0
3835,wyrgakom,202404,swedish,vilnius,4,0,0,0
3836,telwxfgd,202405,dutch,sofia,0,1,0,0
3837,rbgdlcqv,202406,spanish,vilnius,0,1,0,0
3838,magjbniz,202407,lithuanian,rome,0,0,0,0
3839,kzfbicxv,202408,danish,madrid,15,0,0,0
3840,lisjyhgv,202409,romanian,vilnius,5,0,0,0
3841,rcegztsq,202410,hungarian,vilnius,6,1,0,0
3842,authpolj,202411,slovakian,vilnius,17,0,0,0
3843,lwqgufyt,202412,croatian,amsterdam,2,0,0,0
3845,vuohlpjd,202414,luxembourgish,rome,6,0,0,0
3846,inzvhald,202415,french,vilnius,1,0,0,0
3847,rnpumhwf,202416,croatian,madrid,0,0,0,0
3848,rbzifhtg,202417,estonian,valletta,0,0,0,0
3849,coyvxhwz,202418,bulgarian,madrid,6,0,0,0
3851,ixqyvtue,202420,italian,copenhagen,6,0,0,0
3853,duhcqksz,202422,romanian,rome,18,0,0,0
3854,jbsrktqg,202423,slovakian,paris,1,0,0,0
3855,lxkmzynu,202424,croatian,valletta,18,1,0,0
3857,ygonjqlm,202426,slovene,vilnius,0,1,0,0
3858,pwvygeqs,202427,irish,vienna,0,1,0,0
3859,ridfcwyo,202428,croatian,madrid,6,1,0,0
3860,xoaivksc,202429,slovakian,amsterdam,4,1,0,0
3861,lbnymzoh,202430,slovakian,copenhagen,17,0,0,0
3862,saqpvfrk,202431,romanian,vilnius,3,0,0,0
3863,hqvxywna,202432,croatian,amsterdam,1,0,0,0
3864,evlwixtd,202433,irish,vienna,18,0,0,0
3865,tibzduyg,202434,romanian,copenhagen,16,1,0,0
3866,ulrypvbg,202435,cypriot,paris,0,1,0,0
3868,umlnpgvs,202437,irish,madrid,19,1,0,0
3870,esjugwho,202439,hungarian,rome,15,1,0,0
3871,rqgahkpz,202440,lithuanian,rome,0,1,0,0
3872,hwfiegco,202441,french,madrid,15,0,0,0
3873,aqmbulwt,202442,italian,copenhagen,0,0,0,0
3874,zbpmoqxh,202443,croatian,madrid,0,0,0,0
3876,tgkoxfld,202445,italian,vilnius,17,0,0,0
3877,srhdbmaj,202446,romanian,vilnius,4,0,0,0
3878,vjdqpgha,202447,slovakian,paris,1,0,0,0
3882,dgiqmjxl,202452,finnish,valletta,15,1,0,0
3896,zvxehwcy,202467,austrian,amsterdam,6,1,0,0
3897,ufijorka,202468,swedish,copenhagen,19,1,0,0
3901,knizgyvr,202471,belgian,paris,19,1,0,0
3912,leyjrczv,202480,italian,vilnius,15,0,0,0
3913,zypkgwso,202481,slovakian,amsterdam,4,0,0,0
3914,qblwodgs,202482,finnish,paris,18,1,0,0
3915,pdxlnikv,202484,irish,copenhagen,18,0,0,0
3916,lofriadp,202485,estonian,madrid,16,1,0,0
3919,znsmghkt,202488,slovene,vienna,18,1,0,0
3928,gjfudsot,202496,hungarian,amsterdam,17,1,0,0
3934,nsfvraqw,202500,hungarian,madrid,19,0,0,0
3935,pyvhaemr,202501,slovakian,amsterdam,21,1,0,0
3936,xvpskfhi,202502,slovakian,paris,17,0,0,0
3945,acuzjybp,202508,finnish,rome,21,1,0,0
3948,lyjszbam,202513,dutch,copenhagen,15,1,0,0
3949,vltdmzoi,202515,portuguese,paris,1,0,0,0
3957,nwumyipr,202524,croatian,amsterdam,16,1,0,0
3960,bxnfzjau,202527,lithuanian,rome,1,0,0,0
3962,gfambkop,202529,greek,paris,19,0,0,0
3963,cvdqwasg,202530,irish,vilnius,20,0,0,0
3971,ncolmegi,202544,cypriot,sofia,19,0,0,0
3972,dklptvrs,202546,finnish,vilnius,16,0,0,0
3973,qonwsfvj,202548,estonian,copenhagen,19,1,0,0
3982,qpegjuxn,202557,italian,copenhagen,17,1,0,0
3984,ztwpybvn,202559,finnish,paris,18,0,0,0
3985,khdqnepw,202561,irish,amsterdam,3,0,0,0
3987,darewoci,202563,romanian,sofia,15,1,0,0
4000,sqdeafgb,202573,maltese,rome,5,1,0,0
4002,tmqflibw,202576,austrian,vienna,21,1,0,0
4005,ldcuswjp,202578,spanish,vilnius,15,1,0,0
4016,mhbozqxt,202585,croatian,madrid,21,1,0,0
4021,bpvalkdx,202588,slovakian,vilnius,1,1,0,0
4022,ydbzpaux,202589,croatian,madrid,1,0,0,0
4023,vbdfynzt,202590,swedish,paris,18,0,0,0
4024,zpbdgnxw,202591,estonian,paris,5,1,0,0
4029,msrpwdil,202595,finnish,amsterdam,6,0,0,0
4030,denmpwta,202596,romanian,vilnius,16,0,0,0
4031,hidpgrev,202600,finnish,vilnius,18,0,0,0
4032,nvacyupe,202604,romanian,paris,5,0,0,0
4033,lajndxot,202605,greek,madrid,17,0,0,0
4035,vbtaqzgm,202607,irish,vienna,3,0,0,0
4036,dhaesikl,202608,finnish,amsterdam,18,1,0,0
4041,lqdnepyv,202613,slovene,copenhagen,17,1,0,0
4044,gtxzhqyj,202616,finnish,amsterdam,17,1,0,0
4046,hpjukrvf,202618,bulgarian,paris,6,1,0,0
4047,fwokzmeu,202619,finnish,madrid,21,0,0,0
4050,suwkrplj,202621,portuguese,paris,18,0,0,0
4051,warevbct,202623,belgian,vienna,3,1,0,0
4056,uvjcmryw,202626,irish,vienna,16,1,0,0
4058,eilgxjvd,202629,maltese,madrid,6,1,0,0
4059,xbfgkwaj,202631,german,copenhagen,5,1,0,0
4075,ysvalkdh,202642,cypriot,rome,4,1,0,0
4079,lbdypxwm,202646,bulgarian,vienna,3,0,0,0
4082,tobifmku,202652,finnish,amsterdam,21,1,0,0
4092,mxpjkvob,202659,lithuanian,paris,6,0,0,0
4096,wldgzevy,202664,greek,paris,6,0,0,0
4097,nzxlgtfc,202665,swedish,paris,6,0,0,0
4098,pnklvxfu,202666,romanian,amsterdam,5,1,0,0
4100,icrbgykh,202668,irish,rome,21,0,0,0
4101,cviermhg,202669,swedish,valletta,4,1,0,0
4104,idevsfgj,202671,estonian,rome,6,0,0,0
4107,bkrtgvsy,202673,dutch,madrid,3,0,0,0
4110,hduwivfc,202676,danish,valletta,18,1,0,0
4115,uiftxwnl,202687,estonian,copenhagen,16,0,0,0
4118,jsagrdyh,202693,french,vilnius,3,1,0,0
4125,sjkghxcn,202701,maltese,rome,21,1,0,0
4126,uqytxrli,202704,swedish,vienna,15,1,0,0
4129,cxsfptgn,202709,german,rome,4,0,0,0
4134,bmrgauqo,202713,romanian,amsterdam,6,0,0,0
4135,orpfnaum,202714,polish,paris,4,0,0,0
4136,mhjdzuit,202715,romanian,amsterdam,6,0,0,0
4137,xlcwqiob,202716,romanian,rome,6,1,0,0
4143,etgwfsnl,202723,belgian,rome,6,0,0,0
4144,tmagsinu,202724,romanian,vienna,21,0,0,0
4145,npyhueif,202725,slovakian,vienna,6,0,0,0
4147,kxetfyvi,202729,finnish,amsterdam,19,0,0,0
4152,cynltbaj,202732,croatian,paris,17,1,0,0
4153,ajudympq,202733,maltese,copenhagen,20,1,0,0
4165,mpakwzvi,202740,austrian,copenhagen,20,1,0,0
4172,dmtihcna,202749,irish,paris,17,0,0,0
4173,jxyeciqp,202750,danish,vilnius,3,0,0,0
4174,pxwqofug,202751,greek,sofia,5,0,0,0
4191,vnwzepsu,202759,slovakian,sofia,19,0,0,0
4200,gytfxjhu,202766,estonian,madrid,21,0,0,0
4202,szlcvage,202769,portuguese,copenhagen,6,1,0,0
4208,cuhbziaq,202774,romanian,amsterdam,19,0,0,0
4210,kfsyqpng,202776,swedish,vienna,3,1,0,0
4212,wferjvqk,202780,slovakian,sofia,6,1,0,0
4221,einskdja,202785,estonian,amsterdam,15,1,0,0
4222,parkhvwi,202786,hungarian,vienna,6,1,0,0
4225,jwotpclz,202792,romanian,amsterdam,4,0,0,0
4235,yfkrdsti,202804,finnish,madrid,16,0,0,0
4237,cymeqivl,202808,estonian,vilnius,18,0,0,0
4255,ybznvxur,202822,lithuanian,paris,17,0,0,0
4256,czrapyog,202827,belgian,copenhagen,6,1,0,0
4257,vougaird,202829,hungarian,vilnius,3,0,0,0
4258,hiromcjt,202830,maltese,paris,1,1,0,0
4262,theizafm,202839,romanian,madrid,3,1,0,0
4268,xpzbyjrm,202843,bulgarian,vienna,6,1,0,0
4281,ceagtbwy,202869,hungarian,vienna,3,0,0,0
4285,omvpszql,202873,belgian,vienna,2,1,0,0
4288,ortplbdk,202876,slovakian,madrid,18,0,0,0
4289,eoctruis,202877,finnish,madrid,21,1,0,0
4297,xsarwfjv,202888,austrian,amsterdam,17,1,0,0
4302,qvtnxywj,202891,finnish,amsterdam,20,0,0,0
4304,rtyguxln,202896,finnish,vienna,21,1,0,0
4306,qvmoshtf,202899,hungarian,vilnius,15,0,0,0
4309,gabzfswr,202904,slovakian,rome,3,1,0,0
4310,diweqofc,202905,finnish,rome,5,0,0,0
4312,zrcsfljp,202907,estonian,amsterdam,16,0,0,0
4313,qdaniyrk,202910,slovakian,vilnius,15,0,0,0
4321,acnkzvgm,202915,czech,vilnius,21,0,0,0
4322,bnshzdrj,202917,slovakian,copenhagen,3,1,0,0
4328,qofxadnw,202922,luxembourgish,paris,4,0,0,0
4329,wmnhysze,202923,hungarian,vilnius,17,1,0,0
4347,tesbmjiz,202939,slovakian,sofia,15,0,0,0
4350,kdevcfib,202945,swedish,vilnius,16,1,0,0
4353,tzdoyclj,202948,slovakian,vienna,15,1,0,0
4357,enxmquhg,202952,romanian,sofia,21,1,0,0
4358,pvqlkiow,202954,slovene,rome,4,0,0,0
4363,wnuoblrs,202963,romanian,vienna,2,0,0,0
4364,zfhxyiqt,202964,swedish,vienna,15,0,0,0
4372,kqpivhem,202973,luxembourgish,rome,15,0,0,0
4373,yatmgrjd,202979,french,paris,6,0,0,0
4374,eyudxwzi,202983,slovakian,valletta,18,0,0,0
4376,amvpqybt,202985,hungarian,vienna,20,1,0,0
4378,okdauinr,202989,swedish,paris,21,1,0,0
4383,fcvzrdwm,202994,hungarian,paris,6,1,0,0
4385,rzctnojm,202997,irish,amsterdam,5,0,0,0
4386,xotkdbsp,202998,estonian,valletta,17,0,0,0
4392,mxotdrkb,203003,romanian,valletta,18,1,0,0
4401,bepmiwgc,203007,maltese,madrid,4,0,0,0
4405,hicqvafu,203012,estonian,amsterdam,6,0,0,0
4415,emctgnov,203025,austrian,vilnius,3,1,0,0
4417,jdnivrfm,203034,swedish,madrid,16,0,0,0
4419,horzncby,203039,slovakian,vienna,5,1,0,0
4424,kutgwvls,203043,austrian,amsterdam,16,0,0,0
4425,ewjaqglr,203045,estonian,vilnius,20,1,0,0
4426,gfcteijr,203047,austrian,valletta,6,1,0,0
4435,cfkqltry,203056,bulgarian,amsterdam,5,1,0,0
4441,qpfbovkn,203063,latvian,valletta,1,1,0,0
4445,khpqumzw,203073,luxembourgish,madrid,19,0,0,0
4452,gdbenafv,203086,polish,madrid,5,0,0,0
4460,bpugldkq,203093,swedish,sofia,18,1,0,0
4463,fjetdpib,203095,hungarian,vienna,15,1,0,0
4464,ktpmajfo,203096,croatian,copenhagen,3,1,0,0
4465,acilovjy,203097,austrian,paris,4,1,0,0
4475,zvlcfgmd,203108,finnish,valletta,17,1,0,0
4476,zpyvixjr,203109,irish,amsterdam,20,0,0,0
4477,xlevhwbs,203110,french,vilnius,6,0,0,0
4478,cbhwjrup,203111,romanian,amsterdam,18,1,0,0
4479,pafqoblx,203113,finnish,sofia,6,0,0,0
4480,byvdwaqk,203118,danish,vienna,21,0,0,0
4481,jkxsuewb,203120,hungarian,paris,17,1,0,0
4489,qxklughv,203130,austrian,madrid,6,0,0,0
4493,fpkciywm,203133,swedish,amsterdam,19,0,0,0
4496,emrowkxp,203138,estonian,vilnius,20,0,0,0
4497,ngdbtuyc,203139,finnish,rome,20,1,0,0
4512,ofampcis,203154,austrian,vilnius,20,0,0,0
4514,msejdiug,203157,hungarian,madrid,21,0,0,0
4529,izwldyab,203169,slovakian,vilnius,19,1,0,0
4533,acheskpi,203178,spanish,vienna,17,1,0,0
4538,piqvthrd,203184,finnish,rome,20,1,0,0
4539,oripmyfk,203185,croatian,vienna,6,0,0,0
4553,prgalmbq,203202,austrian,madrid,19,1,0,0
4559,irscxygd,203206,estonian,rome,4,0,0,0
4560,umekrpld,203209,maltese,amsterdam,2,1,0,0
4566,eqpwgrah,203220,greek,paris,3,0,0,0
4567,catwrkux,203222,swedish,rome,3,0,0,0
4569,kztipqyu,203225,croatian,vilnius,5,1,0,0
4570,uveyjqgk,203227,slovene,sofia,20,0,0,0
4586,putyenqv,203241,italian,sofia,21,1,0,0
4590,adznsyrh,203245,danish,amsterdam,6,0,0,0
4595,njfykcmx,203250,bulgarian,vilnius,4,1,0,0
4599,poterbwz,203257,french,copenhagen,21,0,0,0
4601,eoukgtyq,203260,romanian,paris,21,1,0,0
4616,yokvwjzn,203274,cypriot,madrid,21,1,0,0
4619,hblitcrs,203277,maltese,vienna,6,1,0,0
4620,tgyxdqzp,203282,austrian,madrid,4,0,0,0
4625,yquoxrza,203286,dutch,rome,15,0,0,0
4627,vemxnrhg,203290,latvian,madrid,18,1,0,0
4631,rgocales,203295,portuguese,vienna,4,0,0,0
4632,nilspcba,203296,swedish,sofia,18,0,0,0
4633,haxgwiqy,203298,polish,madrid,18,0,0,0
4634,drehskux,203299,polish,amsterdam,16,1,0,0
4635,qanijdtg,203300,latvian,valletta,4,0,0,0
4640,ufkhysqc,203309,danish,vienna,5,1,0,0
4641,gozurcdh,203310,hungarian,amsterdam,3,0,0,0
4646,rvhlguwf,203313,polish,vilnius,20,0,0,0
4647,wnqrvdbx,203315,greek,vilnius,5,1,0,0
4672,qmwazptb,203333,bulgarian,amsterdam,17,1,0,0
4673,ecuvrdmq,203334,belgian,madrid,6,1,0,0
4689,bafnpjtr,203349,estonian,copenhagen,15,1,0,0
4690,thmejkpv,203352,estonian,madrid,17,0,0,0
4692,ytsixuqp,203358,hungarian,valletta,2,0,0,0
4696,ueqlrhfc,203364,estonian,valletta,5,1,0,0
4699,ljrcusim,203368,italian,sofia,2,0,0,0
4700,vkaqfnuo,203374,danish,amsterdam,15,1,0,0
4707,ftcsilkh,203382,polish,paris,2,0,0,0
4708,aiqpnkmf,203384,estonian,paris,16,0,0,0
4711,zkmchvyl,203389,romanian,vilnius,4,1,0,0
4712,lyvfgscb,203390,danish,copenhagen,5,1,0,0
4717,pkmafsqz,203396,french,vienna,4,0,0,0
4720,tupesyxn,203399,danish,vienna,17,0,0,0
4724,frhvlzuo,203405,irish,copenhagen,5,0,0,0
4725,ltrsvyoc,203408,bulgarian,paris,17,1,0,0
4729,fcmwyvlz,203411,austrian,vilnius,21,0,0,0
4731,mjwdhufc,203413,hungarian,vilnius,21,1,0,0
4735,dmyngwfu,203419,irish,paris,4,0,0,0
4739,uqlsgdrh,203423,polish,amsterdam,6,0,0,0
4740,oiwbxkjd,203424,austrian,copenhagen,5,0,0,0
4751,uqhamsrb,203435,finnish,rome,16,0,0,0
4752,yrztkxsh,203436,luxembourgish,madrid,1,0,0,0
4755,odztkfjn,203438,maltese,madrid,18,0,0,0
4756,vlxarmef,203439,dutch,amsterdam,2,1,0,0
4757,dmebhtcz,203440,austrian,rome,21,0,0,0
4758,xcvjwkho,203442,italian,vienna,5,0,0,0
4759,qxvrkfbg,203444,danish,amsterdam,6,0,0,0
4763,ympknlez,203452,hungarian,rome,15,0,0,0
4764,vbmfcoqk,203453,estonian,valletta,17,1,0,0
4765,mxpdwyrv,203454,slovakian,valletta,1,0,0,0
4766,pgfjelrk,203455,maltese,amsterdam,20,1,0,0
4769,yljxwfqb,203465,czech,paris,4,1,0,0
4770,olhvfjyp,203469,croatian,madrid,16,0,0,0
4773,oyutxipr,203477,spanish,rome,17,0,0,0
4777,spejbqyt,203480,italian,vienna,21,0,0,0
4779,xtgozvyl,203482,austrian,amsterdam,1,1,0,0
4780,mjnhtdlr,203483,finnish,valletta,5,1,0,0
