queryId,avatar_name,avatar_id,language,city,date,mobile
0,procrastinators,41279,czech,rome,1,1
1,procrastinators-2,41284,austrian,vilnius,12,1
2,procrastinators-2,41284,belgian,sofia,1,0
3,procrastinators-3,41286,swedish,madrid,44,1
4,procrastinators-3,41286,greek,vienna,40,1
5,procrastinators-3,41286,greek,vienna,36,1
6,procrastinators-3,41286,irish,rome,36,1
7,procrastinators-3,41286,irish,madrid,32,1
8,procrastinators-3,41286,austrian,vilnius,30,1
9,procrastinators-3,41286,portuguese,paris,28,1
10,procrastinators-3,41286,estonian,vienna,24,0
11,procrastinators-3,41286,german,amsterdam,20,0
12,procrastinators-3,41286,czech,madrid,16,0
13,procrastinators-3,41286,czech,sofia,12,1
14,procrastinators-3,41286,romanian,valletta,8,1
15,procrastinators-3,41286,italian,rome,6,1
16,procrastinators-3,41286,romanian,madrid,5,1
17,procrastinators-3,41286,dutch,rome,4,0
18,procrastinators-3,41286,belgian,sofia,3,0
19,procrastinators-3,41286,italian,paris,3,0
20,procrastinators-3,41286,croatian,sofia,3,1
21,procrastinators-3,41286,lithuanian,vienna,2,1
22,procrastinators-3,41286,spanish,valletta,2,1
23,procrastinators-3,41286,latvian,sofia,2,0
24,procrastinators-3,41286,croatian,sofia,1,1
25,procrastinators-3,41286,italian,copenhagen,1,1
26,procrastinators-3,41286,slovakian,madrid,0,1
27,procrastinators-3,41286,greek,rome,0,0
28,procrastinators-3,41286,austrian,madrid,0,0
29,procrastinators-5,55739,luxembourgish,valletta,16,0
30,procrastinators-7,55741,irish,madrid,12,0
31,procrastinators-8,55742,greek,paris,24,1
32,procrastinators-8,55742,german,vilnius,12,1
33,procrastinators-9,55846,greek,madrid,20,0
34,procrastinators-5,55739,bulgarian,paris,16,0
35,procrastinators-5,55739,maltese,valletta,0,0
36,procrastinators-7,55741,dutch,vienna,12,0
37,procrastinators-8,55742,italian,amsterdam,3,0
38,procrastinators-9,55846,estonian,copenhagen,3,0
39,procrastinators-1,55630,french,madrid,0,0
40,procrastinators-6,55740,lithuanian,madrid,4,0
41,procrastinators-6,55740,swedish,paris,3,1
42,procrastinators-6,55740,italian,sofia,3,1
43,procrastinators-6,55740,danish,vilnius,1,1
44,procrastinators-10,55892,german,paris,16,0
45,procrastinators-11,55893,czech,amsterdam,24,0
46,procrastinators-12,55895,belgian,copenhagen,20,1
47,procrastinators-13,55896,croatian,paris,0,1
48,procrastinators-14,55897,belgian,copenhagen,28,0
49,procrastinators-15,55898,lithuanian,amsterdam,44,1
50,procrastinators-15,55898,belgian,rome,44,0
51,procrastinators-15,55898,german,sofia,40,1
52,procrastinators-15,55898,spanish,paris,8,0
53,procrastinators-16,55900,swedish,paris,0,0
54,procrastinators-17,55901,latvian,rome,24,0
55,procrastinators-17,55901,hungarian,rome,2,0
56,procrastinators-18,55903,latvian,rome,2,1
57,procrastinators-19,55904,greek,valletta,2,0
58,procrastinators-20,55905,dutch,paris,1,1
59,procrastinators-21,55906,slovakian,sofia,8,0
60,procrastinators-22,55908,french,sofia,44,1
61,procrastinators-22,55908,danish,sofia,36,0
62,procrastinators-22,55908,latvian,sofia,12,1
63,procrastinators-23,55909,maltese,madrid,8,0
64,procrastinators-23,55909,romanian,vienna,4,0
65,procrastinators-24,55910,maltese,madrid,32,0
66,procrastinators-24,55910,belgian,vienna,8,1
67,procrastinators-24,55910,austrian,sofia,1,0
68,procrastinators-25,55912,greek,vilnius,12,0
69,procrastinators-26,55913,bulgarian,madrid,2,1
70,procrastinators-27,55914,german,amsterdam,40,0
71,procrastinators-27,55914,cypriot,vilnius,20,0
72,procrastinators-27,55914,austrian,copenhagen,0,1
73,procrastinators-28,55916,austrian,valletta,32,0
74,procrastinators-28,55916,slovakian,madrid,28,1
75,procrastinators-29,55917,italian,paris,36,0
76,procrastinators-30,55918,estonian,vienna,24,1
77,procrastinators-31,55920,maltese,madrid,28,1
78,procrastinators-32,55921,latvian,vienna,20,1
79,procrastinators-33,55922,spanish,copenhagen,40,0
80,procrastinators-33,55922,luxembourgish,vienna,16,0
81,procrastinators-33,55922,cypriot,amsterdam,0,0
82,procrastinators-34,55924,latvian,vienna,44,0
83,procrastinators-34,55924,maltese,paris,8,1
84,procrastinators-35,55925,portuguese,madrid,3,1
85,procrastinators-35,55925,finnish,valletta,0,1
86,procrastinators-36,55926,maltese,vilnius,20,1
87,procrastinators-36,55926,belgian,madrid,3,0
88,procrastinators-37,55928,dutch,valletta,40,0
89,procrastinators-38,55929,hungarian,valletta,16,0
90,procrastinators-38,55929,bulgarian,paris,12,0
91,procrastinators-39,55930,greek,rome,3,1
92,procrastinators-40,55931,estonian,copenhagen,44,1
93,procrastinators-40,55931,portuguese,rome,28,1
94,procrastinators-40,55931,croatian,copenhagen,20,0
95,procrastinators-40,55931,estonian,rome,20,0
96,procrastinators-41,55933,finnish,rome,0,0
97,procrastinators-42,55934,estonian,valletta,3,0
98,procrastinators-43,55936,romanian,rome,32,1
99,procrastinators-43,55936,greek,valletta,16,1
100,procrastinators-44,55937,cypriot,amsterdam,32,0
101,mostafa-1,56140,latvian,madrid,44,1
102,mostafa-1,56140,czech,vienna,8,0
103,mostafa-2,56141,swedish,vienna,2,0
104,mostafa-3,56142,hungarian,valletta,3,0
105,mostafa-4,56143,belgian,vienna,36,1
106,mostafa-4,56143,finnish,madrid,20,0
107,mostafa-5,56144,slovakian,madrid,36,1
108,mostafa-6,56145,danish,valletta,12,1
109,mostafa-6,56145,austrian,paris,12,0
110,mostafa-6,56145,hungarian,amsterdam,8,0
111,mostafa-7,56146,finnish,madrid,28,1
112,mostafa-7,56146,german,vilnius,24,0
113,mostafa-7,56146,austrian,madrid,2,0
114,mostafa-8,56147,italian,vienna,44,1
115,mostafa-8,56147,irish,vienna,4,0
116,mostafa-8,56147,polish,sofia,3,1
117,mostafa-9,56148,hungarian,copenhagen,28,1
118,mostafa-9,56148,finnish,paris,1,0
119,mostafa-10,56149,french,sofia,1,0
120,mostafa-11,56150,belgian,vienna,24,1
121,mostafa-12,56151,estonian,copenhagen,16,1
122,mostafa-12,56151,french,amsterdam,4,0
123,mostafa-13,56152,portuguese,vienna,16,0
124,mostafa-14,56153,dutch,vilnius,24,0
125,mostafa-15,56154,irish,rome,8,0
126,mostafa-15,56154,irish,amsterdam,4,1
127,mostafa-16,56155,luxembourgish,valletta,3,0
128,mostafa-17,56156,lithuanian,amsterdam,4,0
129,mostafa-18,56157,croatian,sofia,16,0
130,mostafa-18,56157,danish,paris,12,1
131,beltran-1,56158,hungarian,valletta,1,0
132,beltran-2,56159,slovakian,rome,0,0
133,beltran-3,56160,hungarian,rome,8,0
134,beltran-4,56161,austrian,copenhagen,0,1
135,beltran-5,56162,hungarian,amsterdam,8,0
136,beltran-6,56163,bulgarian,rome,16,0
137,beltran-7,56164,estonian,amsterdam,1,1
138,beltran-8,56165,irish,valletta,4,1
139,beltran-8,56165,dutch,madrid,0,0
140,beltran-9,56166,latvian,copenhagen,16,0
141,beltran-10,56167,maltese,vilnius,1,0
142,beltran-11,56168,austrian,sofia,16,0
143,beltran-12,56169,slovakian,vilnius,28,0
144,beltran-12,56169,hungarian,amsterdam,3,1
145,beltran-12,56169,german,rome,1,1
146,beltran-13,56170,hungarian,rome,0,0
147,beltran-14,56171,czech,vilnius,40,1
148,beltran-14,56171,luxembourgish,vilnius,2,0
149,beltran-15,56172,danish,sofia,3,0
150,beltran-16,56173,slovakian,amsterdam,3,0
151,beltran-17,56174,finnish,paris,0,0
152,beltran-18,56175,polish,vilnius,1,0
153,beltran-19,56176,maltese,sofia,4,0
154,beltran-20,56177,portuguese,amsterdam,1,1
155,beltran-21,56178,danish,rome,24,0
156,beltran-1,56158,slovene,vilnius,0,0
157,beltran-9,56166,estonian,madrid,0,1
158,beltran-10,56167,hungarian,madrid,1,0
159,beltran-15,56172,latvian,paris,3,0
160,beltran-17,56174,maltese,madrid,0,0
161,beltran-17,56174,spanish,madrid,0,1
162,beltran-19,56176,bulgarian,vienna,0,1
163,beltran-22,56179,spanish,valletta,40,0
164,beltran-22,56179,czech,madrid,3,1
165,beltran-23,56180,irish,valletta,44,0
166,beltran-23,56180,luxembourgish,vienna,20,0
167,beltran-23,56180,bulgarian,vilnius,2,1
168,beltran-24,56181,greek,rome,8,0
169,beltran-24,56181,latvian,madrid,0,1
170,beltran-25,56182,greek,vilnius,0,1
171,beltran-26,56183,swedish,rome,32,0
172,beltran-27,56184,irish,amsterdam,28,0
173,beltran-27,56184,portuguese,rome,1,1
174,beltran-27,56184,polish,vienna,0,1
175,beltran-28,56185,belgian,copenhagen,12,1
176,beltran-28,56185,irish,vilnius,12,0
177,beltran-28,56185,spanish,copenhagen,8,1
178,beltran-29,56186,portuguese,paris,3,1
179,beltran-30,56187,latvian,copenhagen,4,0
180,beltran-30,56187,greek,vilnius,4,0
181,badie-1,56188,lithuanian,madrid,32,0
182,badie-1,56188,dutch,vienna,24,1
183,badie-1,56188,finnish,copenhagen,24,1
184,badie-1,56188,slovene,valletta,3,1
185,badie-2,56189,estonian,copenhagen,32,1
186,badie-2,56189,latvian,rome,32,1
187,badie-2,56189,italian,madrid,3,1
188,badie-3,56190,austrian,vienna,32,1
189,badie-3,56190,portuguese,copenhagen,1,0
190,badie-4,56191,swedish,rome,24,1
191,badie-4,56191,danish,sofia,0,0
192,badie-5,56192,croatian,valletta,4,0
193,badie-5,56192,italian,vienna,2,1
194,badie-6,56193,irish,valletta,24,0
195,badie-7,56194,latvian,valletta,0,1
196,badie-8,56195,belgian,vienna,40,0
197,badie-8,56195,swedish,rome,36,1
198,badie-8,56195,estonian,vilnius,32,0
199,badie-8,56195,belgian,valletta,16,0
200,badie-8,56195,luxembourgish,madrid,3,0
201,badie-9,56196,romanian,madrid,2,1
202,badie-10,56197,estonian,vienna,40,0
203,badie-11,56198,danish,amsterdam,3,0
204,badie-11,56198,slovakian,paris,0,0
205,badie-12,56199,french,vienna,0,1
206,mldmprocrastinators-1,56201,polish,copenhagen,12,0
207,mldmprocrastinators-1,56201,italian,rome,12,1
208,mldmprocrastinators-1,56201,estonian,valletta,3,1
209,mldmprocrastinators-2,56202,cypriot,madrid,2,0
210,mldmprocrastinators-3,56203,greek,rome,8,0
211,mldmprocrastinators-4,56204,czech,paris,44,1
212,mldmprocrastinators-4,56204,maltese,vienna,2,1
213,mldmprocrastinators-5,56205,finnish,valletta,32,1
214,mldmprocrastinators-5,56205,czech,copenhagen,12,1
215,mldmprocrastinators-5,56205,french,vilnius,1,1
216,mldmprocrastinators-6,56206,belgian,amsterdam,40,0
217,mldmprocrastinators-6,56206,french,rome,1,0
218,mldmprocrastinators-7,56207,luxembourgish,copenhagen,24,1
219,mldmprocrastinators-8,56208,estonian,copenhagen,20,1
220,mldmprocrastinators-9,56209,belgian,paris,28,1
221,mldmprocrastinators-9,56209,romanian,sofia,28,1
222,mldmprocrastinators-9,56209,cypriot,paris,20,0
223,mldmprocrastinators-10,56210,danish,madrid,40,0
224,mldmprocrastinators-10,56210,spanish,rome,2,0
225,mldmprocrastinators-11,56211,italian,vienna,44,0
226,mldmprocrastinators-11,56211,danish,vilnius,24,1
227,mldmprocrastinators-11,56211,maltese,sofia,20,1
228,mldmprocrastinators-11,56211,czech,vilnius,1,1
229,mldmprocrastinators-12,56212,bulgarian,rome,4,1
230,mldmprocrastinators-13,56213,dutch,sofia,1,0
231,mldmprocrastinators-14,56214,swedish,rome,12,1
232,mldmprocrastinators-15,56215,slovakian,copenhagen,20,0
233,mldmprocrastinators-15,56215,latvian,madrid,8,1
234,mldmprocrastinators-15,56215,portuguese,vienna,4,1
235,mldmprocrastinators-15,56215,german,madrid,0,0
236,mldmprocrastinators-16,56216,danish,rome,0,1
237,mldmprocrastinators-17,56217,french,rome,24,0
238,mldmprocrastinators-17,56217,french,vilnius,3,0
239,mldmprocrastinators-18,56218,german,vilnius,44,1
240,mldmprocrastinators-18,56218,irish,rome,44,0
241,mldmprocrastinators-18,56218,irish,vilnius,28,1
242,mldmprocrastinators-18,56218,romanian,valletta,2,1
243,mldmprocrastinators-19,56219,romanian,vilnius,8,1
244,mldmprocrastinators-19,56219,slovakian,madrid,0,1
245,mldmprocrastinators-20,56220,german,madrid,44,0
246,mldmprocrastinators-20,56220,hungarian,copenhagen,2,1
247,mldmprocrastinators-20,56220,german,copenhagen,2,1
248,mldmprocrastinators-20,56220,swedish,amsterdam,1,1
249,mldmprocrastinators-20,56220,luxembourgish,vilnius,1,0
250,mldmprocrastinators-21,56221,slovene,vienna,8,0
251,mldmprocrastinators-22,56222,belgian,amsterdam,44,0
252,mldmprocrastinators-22,56222,cypriot,amsterdam,12,1
253,mldmprocrastinators-22,56222,bulgarian,rome,2,1
254,mldmprocrastinators-23,56223,bulgarian,copenhagen,20,1
255,mldmprocrastinators-23,56223,maltese,rome,2,1
256,mldmprocrastinators-24,56224,slovene,sofia,24,0
257,mldmprocrastinators-24,56224,french,madrid,4,1
258,mldmprocrastinators-25,56225,hungarian,copenhagen,32,1
259,mldmprocrastinators-25,56225,latvian,vilnius,8,1
260,mldmprocrastinators-26,56226,swedish,amsterdam,16,0
261,mldmprocrastinators-27,56227,estonian,sofia,40,0
262,mldmprocrastinators-27,56227,danish,sofia,28,0
263,mldmprocrastinators-27,56227,german,valletta,20,1
264,mldmprocrastinators-27,56227,finnish,paris,3,1
265,mldmprocrastinators-27,56227,luxembourgish,paris,1,1
266,mldmprocrastinators-28,56228,swedish,rome,32,1
267,mldmprocrastinators-28,56228,irish,copenhagen,16,0
268,mldmprocrastinators-28,56228,french,paris,0,0
269,mldmprocrastinators-29,56229,slovene,paris,28,1
270,mldmprocrastinators-30,56230,dutch,valletta,16,1
271,mldmprocrastinators-30,56230,swedish,rome,8,0
272,mldmprocrastinators-30,56230,french,sofia,4,1
273,mldmprocrastinators-31,56231,bulgarian,paris,36,0
274,mldmprocrastinators-31,56231,german,vienna,4,0
275,mldmprocrastinators-32,56232,romanian,amsterdam,3,1
276,mldmprocrastinators-32,56232,lithuanian,sofia,2,0
277,mldmprocrastinators-33,56233,bulgarian,valletta,32,0
278,mldmprocrastinators-33,56233,german,copenhagen,3,0
279,mldmprocrastinators-33,56233,czech,rome,2,0
280,mldmprocrastinators-34,56234,french,vilnius,8,0
281,mldmprocrastinators-34,56234,romanian,madrid,1,0
282,mldmprocrastinators-35,56235,danish,paris,36,1
283,mldmprocrastinators-36,56236,luxembourgish,amsterdam,12,1
284,mldmprocrastinators-37,56237,slovene,valletta,40,1
285,mldmprocrastinators-37,56237,luxembourgish,madrid,32,1
286,mldmprocrastinators-37,56237,german,madrid,3,1
287,mldmprocrastinators-38,56238,french,sofia,44,1
288,mldmprocrastinators-38,56238,greek,madrid,12,0
289,mldmprocrastinators-38,56238,lithuanian,vienna,4,1
290,mldmprocrastinators-39,56239,maltese,amsterdam,12,1
291,mldmprocrastinators-40,56240,luxembourgish,rome,40,1
292,mldmprocrastinators-40,56240,dutch,madrid,2,0
293,mldmprocrastinators-41,56241,hungarian,copenhagen,3,0
294,mldmprocrastinators-42,56242,latvian,rome,24,1
295,mldmprocrastinators-42,56242,swedish,amsterdam,20,1
296,mldmprocrastinators-42,56242,belgian,vienna,4,1
297,mldmprocrastinators-43,56243,dutch,paris,20,0
298,mldmprocrastinators-44,56244,irish,paris,44,0
299,mldmprocrastinators-44,56244,romanian,paris,28,0
300,mldmprocrastinators-45,56245,polish,rome,3,1
301,mldmprocrastinators-46,56246,bulgarian,madrid,3,1
302,mldmprocrastinators-47,56247,bulgarian,copenhagen,0,1
303,mldmprocrastinators-48,56248,swedish,valletta,2,1
304,mldmprocrastinators-49,56249,cypriot,amsterdam,0,1
305,mldmprocrastinators-50,56250,austrian,vienna,36,0
306,mldmprocrastinators-50,56250,italian,sofia,20,1
307,mldmprocrastinators-51,56251,austrian,vienna,32,0
308,mldmprocrastinators-51,56251,austrian,vilnius,28,0
309,mldmprocrastinators-51,56251,swedish,vienna,8,1
310,mldmprocrastinators-52,56252,maltese,amsterdam,8,1
311,mldmprocrastinators-53,56253,spanish,paris,36,1
312,mldmprocrastinators-53,56253,latvian,madrid,3,1
313,mldmprocrastinators-54,56254,portuguese,copenhagen,8,1
314,mldmprocrastinators-54,56254,german,rome,0,1
315,mldmprocrastinators-55,56255,croatian,amsterdam,2,1
316,mldmprocrastinators-56,56256,latvian,vienna,20,0
317,mldmprocrastinators-56,56256,bulgarian,sofia,12,0
318,mldmprocrastinators-57,56257,estonian,amsterdam,2,0
319,mldmprocrastinators-58,56258,swedish,sofia,3,1
320,mldmprocrastinators-59,56259,romanian,paris,44,1
321,mldmprocrastinators-59,56259,bulgarian,paris,32,1
322,mldmprocrastinators-59,56259,maltese,amsterdam,24,1
323,mldmprocrastinators-59,56259,portuguese,copenhagen,16,1
324,mldmprocrastinators-60,56260,italian,valletta,0,1
325,mldmprocrastinators-61,56261,croatian,valletta,1,1
326,mldmprocrastinators-62,56262,luxembourgish,paris,2,1
327,mldmprocrastinators-63,56263,luxembourgish,vilnius,2,1
328,mldmprocrastinators-64,56264,belgian,amsterdam,36,0
329,mldmprocrastinators-64,56264,dutch,valletta,32,0
330,mldmprocrastinators-64,56264,lithuanian,vilnius,3,0
331,mldmprocrastinators-64,56264,belgian,paris,3,1
332,mldmprocrastinators-65,56265,portuguese,amsterdam,2,0
333,mldmprocrastinators-66,56266,belgian,vilnius,2,0
334,mldmprocrastinators-66,56266,latvian,vilnius,2,1
335,mldmprocrastinators-67,56267,irish,madrid,44,1
336,mldmprocrastinators-67,56267,german,amsterdam,16,0
337,mldmprocrastinators-67,56267,french,copenhagen,0,0
338,mldmprocrastinators-68,56268,bulgarian,madrid,44,1
339,mldmprocrastinators-68,56268,lithuanian,copenhagen,2,0
340,mldmprocrastinators-69,56269,czech,paris,28,1
341,mldmprocrastinators-69,56269,slovene,amsterdam,3,0
342,mldmprocrastinators-70,56270,croatian,madrid,44,0
343,mldmprocrastinators-70,56270,latvian,vienna,3,1
344,mldmprocrastinators-71,56271,maltese,valletta,28,1
345,mldmprocrastinators-71,56271,maltese,madrid,24,1
346,mldmprocrastinators-71,56271,croatian,madrid,2,0
347,mldmprocrastinators-72,56272,maltese,paris,32,1
348,mldmprocrastinators-72,56272,maltese,madrid,4,1
349,mldmprocrastinators-73,56273,danish,amsterdam,24,1
350,mldmprocrastinators-73,56273,finnish,vilnius,1,0
351,mldmprocrastinators-74,56274,slovene,vilnius,0,0
352,mldmprocrastinators-75,56275,greek,copenhagen,3,0
353,mldmprocrastinators-75,56275,spanish,vienna,0,0
354,mldmprocrastinators-76,56276,belgian,copenhagen,40,1
355,mldmprocrastinators-76,56276,finnish,madrid,40,1
356,mldmprocrastinators-76,56276,dutch,vilnius,2,1
357,mldmprocrastinators-77,56277,slovene,amsterdam,0,0
358,mldmprocrastinators-78,56278,latvian,copenhagen,2,1
359,mldmprocrastinators-79,56279,bulgarian,valletta,4,1
360,mldmprocrastinators-80,56280,danish,copenhagen,12,0
361,mldmprocrastinators-81,56281,austrian,vienna,12,1
362,mldmprocrastinators-82,56282,croatian,sofia,0,0
363,mldmprocrastinators-83,56283,german,amsterdam,4,1
364,mldmprocrastinators-84,56284,maltese,vienna,1,0
365,mldmprocrastinators-85,56285,romanian,vilnius,1,0
366,mldmprocrastinators-86,56286,maltese,vilnius,40,1
367,mldmprocrastinators-86,56286,latvian,amsterdam,32,1
368,mldmprocrastinators-86,56286,estonian,paris,0,1
369,mldmprocrastinators-87,56287,romanian,amsterdam,3,1
370,mldmprocrastinators-87,56287,spanish,vilnius,1,1
371,mldmprocrastinators-88,56288,italian,valletta,24,1
372,mldmprocrastinators-89,56289,lithuanian,sofia,8,1
373,mldmprocrastinators-89,56289,hungarian,valletta,1,1
374,mldmprocrastinators-90,56290,danish,valletta,20,0
375,mldmprocrastinators-91,56291,dutch,vilnius,40,0
376,mldmprocrastinators-91,56291,bulgarian,madrid,20,1
377,mldmprocrastinators-91,56291,french,madrid,8,1
378,mldmprocrastinators-92,56292,hungarian,vilnius,20,0
379,mldmprocrastinators-93,56293,cypriot,copenhagen,16,0
380,mldmprocrastinators-93,56293,bulgarian,copenhagen,8,1
381,mldmprocrastinators-94,56294,czech,vienna,24,0
382,mldmprocrastinators-94,56294,spanish,valletta,1,1
383,mldmprocrastinators-94,56294,bulgarian,amsterdam,0,0
384,mldmprocrastinators-95,56295,polish,amsterdam,0,1
385,mldmprocrastinators-96,56296,belgian,madrid,1,0
386,mldmprocrastinators-97,56297,czech,vilnius,2,1
387,mldmprocrastinators-98,56298,estonian,vilnius,32,1
388,mldmprocrastinators-98,56298,irish,vienna,24,0
389,mldmprocrastinators-98,56298,dutch,vienna,24,0
390,mldmprocrastinators-98,56298,irish,valletta,0,1
391,mldmprocrastinators-99,56299,spanish,amsterdam,20,0
392,mldmprocrastinators-99,56299,luxembourgish,valletta,8,1
393,mldmprocrastinators-99,56299,cypriot,vilnius,2,0
394,mldmprocrastinators-100,56300,swedish,vilnius,20,0
395,mldmprocrastinators-100,56300,maltese,copenhagen,2,1
396,mldmprocrastinators-101,56301,dutch,rome,4,1
397,mldmprocrastinators-102,56302,finnish,vilnius,44,0
398,mldmprocrastinators-102,56302,hungarian,vilnius,28,0
399,mldmprocrastinators-102,56302,greek,amsterdam,2,0
400,mldmprocrastinators-102,56302,czech,paris,1,0
401,mldmprocrastinators-103,56303,polish,copenhagen,4,1
402,mldmprocrastinators-104,56304,hungarian,sofia,16,0
403,mldmprocrastinators-104,56304,croatian,vienna,4,1
404,mldmprocrastinators-105,56305,estonian,vienna,0,1
405,mldmprocrastinators-106,56306,finnish,paris,44,0
406,procrastinators-1,55630,danish,vienna,0,0
407,procrastinators-11,55893,polish,copenhagen,8,1
408,procrastinators-11,55893,latvian,vienna,0,1
409,procrastinators-12,55895,greek,vienna,12,0
410,procrastinators-21,55906,austrian,vienna,4,1
411,procrastinators-29,55917,bulgarian,paris,16,0
412,procrastinators-29,55917,maltese,amsterdam,1,0
413,procrastinators-30,55918,german,copenhagen,0,1
414,procrastinators-30,55918,danish,vilnius,0,0
415,procrastinators-31,55920,finnish,valletta,8,0
416,procrastinators-31,55920,greek,vilnius,8,1
417,procrastinators-32,55921,bulgarian,paris,12,1
418,procrastinators-34,55924,italian,paris,1,1
419,procrastinators-37,55928,spanish,copenhagen,40,1
420,procrastinators-37,55928,dutch,madrid,1,0
421,procrastinators-38,55929,greek,sofia,4,0
422,procrastinators-38,55929,maltese,paris,0,1
423,procrastinators-40,55931,bulgarian,vilnius,2,0
424,procrastinators-43,55936,romanian,madrid,8,1
425,procrastinators-43,55936,estonian,vienna,3,1
426,procrastinators-44,55937,portuguese,sofia,1,0
427,procrastinators-45,56307,maltese,sofia,12,0
428,procrastinators-46,56308,luxembourgish,sofia,36,1
429,procrastinators-46,56308,polish,paris,12,0
430,procrastinators-47,56309,czech,sofia,0,1
431,procrastinators-48,56310,swedish,rome,36,1
432,procrastinators-48,56310,italian,amsterdam,36,0
433,procrastinators-48,56310,german,paris,16,0
434,procrastinators-49,56311,polish,amsterdam,32,1
435,procrastinators-50,56312,irish,amsterdam,16,0
436,procrastinators-51,56313,cypriot,paris,8,1
437,procrastinators-52,56314,swedish,valletta,28,1
438,procrastinators-52,56314,irish,madrid,12,0
439,procrastinators-53,56315,maltese,vienna,24,0
440,procrastinators-53,56315,german,madrid,20,1
441,procrastinators-54,56316,austrian,sofia,28,0
442,procrastinators-55,56317,belgian,rome,4,1
443,procrastinators-56,56318,italian,amsterdam,40,1
444,procrastinators-56,56318,dutch,sofia,24,0
445,procrastinators-56,56318,portuguese,copenhagen,3,1
446,procrastinators-56,56318,german,vienna,1,1
447,procrastinators-57,56319,hungarian,valletta,8,1
448,procrastinators-58,56320,hungarian,vienna,1,1
449,procrastinators-59,56321,finnish,valletta,40,0
450,procrastinators-59,56321,irish,rome,0,0
451,procrastinators-60,56322,slovakian,copenhagen,44,1
452,procrastinators-60,56322,lithuanian,rome,8,0
453,procrastinators-61,56323,lithuanian,vienna,16,1
454,procrastinators-62,56324,italian,paris,40,1
455,procrastinators-62,56324,lithuanian,paris,3,0
456,procrastinators-63,56325,italian,amsterdam,40,0
457,procrastinators-63,56325,belgian,copenhagen,20,0
458,procrastinators-63,56325,slovakian,paris,16,1
459,procrastinators-63,56325,romanian,amsterdam,2,0
460,procrastinators-64,56326,irish,madrid,36,0
461,procrastinators-64,56326,polish,valletta,28,1
462,procrastinators-64,56326,italian,vilnius,4,0
463,procrastinators-64,56326,belgian,copenhagen,3,1
464,procrastinators-65,56327,slovene,madrid,20,0
465,procrastinators-65,56327,irish,valletta,3,0
466,procrastinators-66,56328,cypriot,vienna,8,1
467,procrastinators-67,56329,danish,paris,20,1
468,procrastinators-68,56330,danish,paris,8,0
469,procrastinators-69,56331,greek,vienna,32,0
470,procrastinators-69,56331,italian,vienna,16,1
471,procrastinators-69,56331,belgian,sofia,1,1
472,procrastinators-70,56332,slovene,madrid,32,0
473,procrastinators-70,56332,danish,copenhagen,16,1
474,procrastinators-71,56333,bulgarian,paris,4,1
475,procrastinators-71,56333,french,copenhagen,1,0
476,procrastinators-72,56334,greek,rome,40,1
477,procrastinators-72,56334,danish,sofia,12,0
478,procrastinators-73,56335,german,vienna,32,1
479,procrastinators-73,56335,estonian,vienna,4,1
480,procrastinators-73,56335,czech,copenhagen,0,0
481,procrastinators-74,56336,danish,valletta,40,0
482,procrastinators-75,56337,luxembourgish,paris,24,0
483,procrastinators-75,56337,croatian,paris,2,0
484,procrastinators-76,56338,irish,vilnius,4,0
485,procrastinators-76,56338,romanian,paris,2,0
486,procrastinators-77,56339,italian,amsterdam,40,1
487,procrastinators-77,56339,danish,sofia,16,0
488,procrastinators-78,56340,irish,amsterdam,40,1
489,procrastinators-78,56340,slovene,copenhagen,32,0
490,procrastinators-78,56340,polish,sofia,1,1
491,procrastinators-78,56340,french,sofia,1,1
492,procrastinators-79,56341,french,rome,44,1
493,procrastinators-79,56341,austrian,vilnius,28,1
494,procrastinators-79,56341,swedish,sofia,20,1
495,procrastinators-80,56342,latvian,valletta,2,1
496,procrastinators-80,56342,french,paris,1,1
497,procrastinators-81,56343,swedish,sofia,8,0
498,procrastinators-82,56344,french,sofia,0,1
499,procrastinators-83,56345,lithuanian,valletta,0,0
500,procrastinators-83,56345,french,valletta,0,1
501,procrastinators-84,56346,swedish,vilnius,4,1
502,procrastinators-85,56347,finnish,rome,1,0
503,procrastinators-86,56348,polish,valletta,12,1
504,procrastinators-86,56348,austrian,valletta,3,0
505,procrastinators-87,56349,slovene,copenhagen,3,1
506,beltran-5,56162,estonian,vilnius,2,1
507,beltran-10,56167,irish,rome,1,0
508,beltran-11,56168,maltese,copenhagen,12,1
509,beltran-16,56173,portuguese,vilnius,1,0
510,beltran-21,56178,slovakian,rome,8,0
511,beltran-21,56178,croatian,copenhagen,2,0
512,beltran-23,56180,croatian,madrid,0,1
513,beltran-26,56183,czech,vienna,0,1
514,beltran-31,56350,slovakian,sofia,1,1
515,beltran-32,56351,croatian,sofia,28,0
516,beltran-32,56351,hungarian,valletta,20,0
517,beltran-32,56351,estonian,sofia,0,1
518,beltran-33,56352,belgian,amsterdam,36,1
519,beltran-33,56352,danish,copenhagen,4,0
520,beltran-34,56353,italian,madrid,44,1
521,beltran-34,56353,hungarian,paris,40,1
522,beltran-34,56353,maltese,sofia,36,0
523,beltran-34,56353,estonian,copenhagen,0,1
524,beltran-35,56354,lithuanian,paris,36,0
525,beltran-35,56354,maltese,paris,28,0
526,beltran-35,56354,czech,vilnius,12,1
527,beltran-36,56355,lithuanian,sofia,24,1
528,beltran-36,56355,finnish,rome,24,0
529,beltran-37,56356,polish,vienna,12,1
530,beltran-37,56356,polish,vilnius,4,1
531,beltran-38,56357,polish,vilnius,2,0
532,beltran-39,56358,estonian,rome,20,1
533,beltran-39,56358,bulgarian,valletta,12,1
534,beltran-40,56359,lithuanian,rome,20,0
535,beltran-41,56360,cypriot,sofia,12,0
536,beltran-41,56360,finnish,copenhagen,0,1
537,beltran-42,56361,belgian,amsterdam,0,0
538,beltran-43,56362,czech,madrid,32,0
539,beltran-43,56362,luxembourgish,vienna,24,1
540,beltran-44,56363,finnish,valletta,24,1
541,beltran-44,56363,swedish,sofia,1,1
542,beltran-45,56364,maltese,paris,20,0
543,beltran-45,56364,slovene,amsterdam,20,1
544,beltran-45,56364,bulgarian,rome,2,0
545,beltran-46,56365,cypriot,madrid,12,1
546,beltran-46,56365,luxembourgish,valletta,1,0
547,beltran-47,56366,austrian,amsterdam,4,1
548,beltran-48,56367,portuguese,sofia,8,1
549,beltran-49,56368,slovene,vienna,44,0
550,beltran-49,56368,finnish,amsterdam,12,1
551,beltran-49,56368,dutch,sofia,1,1
552,beltran-50,56369,estonian,vienna,44,0
553,beltran-50,56369,german,sofia,36,1
554,beltran-50,56369,belgian,vienna,24,1
555,beltran-50,56369,czech,valletta,16,1
556,beltran-50,56369,spanish,rome,0,1
557,beltran-51,56370,lithuanian,copenhagen,20,1
558,beltran-52,56371,polish,valletta,1,0
559,beltran-53,56372,italian,madrid,0,0
560,beltran-54,56373,slovene,vilnius,3,0
561,beltran-55,56374,italian,valletta,40,0
562,beltran-55,56374,latvian,amsterdam,16,1
563,beltran-55,56374,hungarian,copenhagen,2,0
564,beltran-56,56375,portuguese,amsterdam,2,0
565,beltran-57,56376,lithuanian,copenhagen,32,1
566,beltran-57,56376,danish,copenhagen,4,0
567,beltran-58,56377,latvian,rome,28,0
568,beltran-58,56377,dutch,copenhagen,1,1
569,beltran-59,56378,czech,paris,44,0
570,beltran-59,56378,polish,vienna,36,0
571,beltran-60,56379,finnish,paris,8,1
572,beltran-60,56379,cypriot,rome,3,0
573,beltran-60,56379,lithuanian,vilnius,2,1
574,beltran-61,56380,french,vienna,0,1
575,beltran-62,56381,luxembourgish,madrid,4,1
576,beltran-62,56381,belgian,vienna,0,0
577,beltran-62,56381,austrian,sofia,0,0
578,beltran-63,56382,maltese,amsterdam,12,1
579,beltran-64,56383,portuguese,valletta,40,0
580,beltran-64,56383,greek,rome,12,1
581,beltran-65,56384,german,madrid,2,0
582,beltran-65,56384,slovakian,valletta,0,0
583,beltran-66,56385,italian,paris,24,0
584,beltran-66,56385,greek,vilnius,20,1
585,beltran-66,56385,latvian,vilnius,12,1
586,beltran-66,56385,cypriot,paris,8,1
587,beltran-66,56385,german,sofia,0,1
588,beltran-67,56386,french,vilnius,36,1
589,beltran-68,56387,polish,amsterdam,24,0
590,beltran-68,56387,italian,amsterdam,8,1
591,beltran-69,56388,romanian,rome,2,1
592,beltran-70,56389,austrian,sofia,8,1
593,beltran-70,56389,greek,vienna,8,1
594,beltran-71,56390,greek,valletta,32,0
595,beltran-71,56390,cypriot,amsterdam,0,1
596,beltran-72,56391,hungarian,vienna,44,0
597,beltran-72,56391,polish,copenhagen,24,0
598,beltran-72,56391,austrian,valletta,2,0
599,beltran-73,56392,danish,amsterdam,20,1
600,beltran-74,56393,slovene,vienna,12,0
601,beltran-75,56394,dutch,madrid,8,1
602,beltran-75,56394,latvian,vienna,0,0
603,beltran-76,56395,maltese,paris,8,1
604,beltran-77,56396,french,vienna,32,0
605,beltran-77,56396,czech,paris,4,0
606,badie-5,56192,austrian,valletta,0,1
607,badie-9,56196,german,vilnius,2,0
608,badie-9,56196,croatian,paris,1,1
609,badie-10,56197,czech,valletta,3,1
610,badie-13,56397,danish,rome,4,1
611,badie-14,56398,croatian,sofia,8,1
612,badie-15,56399,hungarian,vienna,4,0
613,badie-16,56400,slovene,sofia,4,1
614,badie-16,56400,belgian,sofia,3,0
615,badie-17,56401,maltese,copenhagen,12,1
616,badie-18,56402,hungarian,valletta,40,0
617,badie-19,56403,greek,valletta,20,0
618,badie-20,56404,german,madrid,44,1
619,badie-20,56404,french,vienna,36,1
620,badie-20,56404,bulgarian,madrid,2,1
621,badie-21,56405,estonian,vilnius,36,0
622,badie-21,56405,portuguese,rome,32,1
623,badie-21,56405,polish,valletta,16,1
624,badie-22,56406,romanian,rome,8,1
625,badie-22,56406,romanian,vilnius,1,0
626,badie-22,56406,slovakian,vilnius,0,1
627,badie-23,56407,maltese,copenhagen,2,0
628,badie-24,56408,greek,amsterdam,16,0
629,badie-24,56408,irish,vilnius,2,0
630,badie-25,56409,hungarian,madrid,44,1
631,badie-25,56409,latvian,vienna,16,1
632,badie-25,56409,luxembourgish,paris,2,0
633,badie-26,56410,latvian,rome,3,0
634,badie-27,56411,bulgarian,sofia,32,1
635,badie-27,56411,greek,vilnius,28,0
636,badie-27,56411,estonian,amsterdam,3,0
637,badie-28,56412,greek,madrid,2,0
638,badie-28,56412,slovene,sofia,0,0
639,badie-29,56413,bulgarian,sofia,44,1
640,badie-29,56413,greek,valletta,1,0
641,badie-30,56414,czech,paris,24,0
642,badie-30,56414,polish,paris,20,1
643,badie-30,56414,polish,sofia,12,1
644,badie-31,56415,italian,paris,28,0
645,badie-31,56415,spanish,valletta,20,0
646,badie-32,56416,italian,vilnius,1,0
647,badie-33,56417,finnish,paris,40,1
648,badie-33,56417,luxembourgish,valletta,12,0
649,badie-33,56417,belgian,copenhagen,8,1
650,badie-34,56418,polish,vilnius,12,1
651,badie-34,56418,hungarian,sofia,8,0
652,badie-34,56418,greek,sofia,3,0
653,badie-35,56419,belgian,valletta,8,0
654,badie-36,56420,slovene,valletta,0,0
655,badie-37,56421,czech,sofia,20,1
656,badie-37,56421,greek,rome,4,0
657,badie-38,56422,portuguese,madrid,12,0
658,badie-38,56422,italian,copenhagen,4,0
659,badie-39,56423,german,amsterdam,36,1
660,badie-39,56423,slovene,sofia,3,0
661,badie-40,56424,maltese,paris,36,0
662,badie-40,56424,finnish,amsterdam,24,0
663,badie-40,56424,french,copenhagen,20,0
664,badie-40,56424,french,madrid,2,0
665,badie-41,56425,german,madrid,20,1
666,badie-41,56425,cypriot,valletta,3,0
667,badie-42,56426,hungarian,amsterdam,20,1
668,badie-43,56427,spanish,paris,4,0
669,badie-44,56428,cypriot,copenhagen,16,1
670,badie-44,56428,polish,copenhagen,16,0
671,badie-45,56429,german,copenhagen,32,0
672,badie-46,56430,maltese,vilnius,12,0
673,badie-46,56430,italian,vienna,8,1
674,badie-47,56431,slovakian,vilnius,36,0
675,badie-47,56431,spanish,amsterdam,28,0
676,badie-48,56432,lithuanian,paris,40,0
677,badie-48,56432,irish,rome,2,0
678,badie-49,56433,cypriot,paris,2,0
679,badie-50,56434,bulgarian,paris,8,1
680,badie-51,56435,danish,amsterdam,16,0
681,badie-52,56436,french,valletta,8,1
682,badie-53,56437,croatian,sofia,44,0
683,badie-53,56437,romanian,sofia,4,0
684,badie-54,56438,german,madrid,44,0
685,badie-54,56438,irish,copenhagen,20,1
686,badie-55,56439,maltese,copenhagen,1,1
687,badie-56,56440,spanish,amsterdam,2,1
688,badie-57,56441,finnish,rome,20,0
689,badie-58,56442,greek,vilnius,40,0
690,badie-58,56442,czech,vienna,0,0
691,badie-59,56443,lithuanian,valletta,20,1
692,badie-60,56444,austrian,valletta,1,0
693,badie-61,56445,maltese,valletta,28,0
694,badie-62,56446,polish,madrid,2,0
695,badie-63,56447,slovakian,vienna,0,0
696,badie-64,56448,bulgarian,madrid,2,1
697,badie-65,56449,greek,madrid,36,1
698,badie-65,56449,slovakian,valletta,3,0
699,badie-66,56450,maltese,rome,8,0
700,badie-67,56451,italian,valletta,20,1
701,badie-67,56451,hungarian,madrid,1,0
702,badie-68,56452,maltese,sofia,28,1
703,badie-68,56452,bulgarian,sofia,24,0
704,badie-68,56452,cypriot,copenhagen,12,0
705,badie-68,56452,german,valletta,12,1
706,mostafa-5,56144,slovene,rome,2,1
707,mostafa-13,56152,slovene,amsterdam,3,0
708,mostafa-14,56153,finnish,paris,8,0
709,mostafa-15,56154,swedish,copenhagen,0,0
710,mostafa-19,56453,maltese,amsterdam,2,0
711,mostafa-20,56454,spanish,rome,0,1
712,mostafa-21,56455,belgian,copenhagen,12,0
713,mostafa-21,56455,irish,rome,4,0
714,mostafa-21,56455,belgian,sofia,3,1
715,mostafa-22,56456,slovene,paris,24,0
716,mostafa-23,56457,dutch,paris,0,1
717,mostafa-24,56458,austrian,amsterdam,40,0
718,mostafa-24,56458,german,copenhagen,20,0
719,mostafa-24,56458,portuguese,madrid,1,1
720,mostafa-25,56459,lithuanian,paris,36,0
721,mostafa-25,56459,slovene,vienna,36,0
722,mostafa-25,56459,dutch,copenhagen,4,0
723,mostafa-26,56460,slovene,vilnius,0,0
724,mostafa-27,56461,portuguese,amsterdam,36,0
725,mostafa-28,56462,portuguese,rome,28,0
726,mostafa-29,56463,cypriot,vienna,4,0
727,mostafa-30,56464,hungarian,rome,4,1
728,mostafa-30,56464,slovene,valletta,3,1
729,mostafa-31,56465,dutch,rome,20,0
730,mostafa-31,56465,slovakian,copenhagen,12,0
731,mostafa-32,56466,spanish,sofia,44,1
732,mostafa-32,56466,italian,madrid,2,0
733,mostafa-32,56466,lithuanian,copenhagen,1,1
734,mostafa-33,56467,cypriot,madrid,1,1
735,mostafa-34,56468,cypriot,vilnius,24,1
736,mostafa-34,56468,swedish,vienna,16,1
737,mostafa-35,56469,belgian,rome,3,0
738,mostafa-35,56469,italian,sofia,0,0
739,mostafa-36,56470,irish,vienna,2,0
740,mostafa-37,56471,czech,madrid,32,1
741,mostafa-37,56471,polish,copenhagen,0,0
742,mostafa-38,56472,cypriot,sofia,3,0
743,mostafa-39,56473,danish,madrid,1,1
744,mostafa-40,56474,croatian,vienna,3,0
745,mostafa-40,56474,polish,copenhagen,1,1
746,mostafa-40,56474,swedish,paris,1,0
747,mostafa-41,56475,spanish,vienna,0,0
748,mostafa-42,56476,slovene,copenhagen,40,1
749,mostafa-42,56476,portuguese,paris,2,0
750,mostafa-42,56476,bulgarian,valletta,0,0
751,mostafa-43,56477,danish,vienna,28,1
752,mostafa-43,56477,romanian,vilnius,8,0
753,mostafa-43,56477,italian,vilnius,8,0
754,mostafa-44,56478,swedish,paris,1,0
755,mostafa-45,56479,maltese,vilnius,8,0
756,mostafa-46,56480,romanian,madrid,0,1
757,mostafa-47,56481,croatian,vilnius,0,1
758,mostafa-48,56482,czech,vienna,24,1
759,mostafa-48,56482,italian,paris,0,0
760,mostafa-49,56483,luxembourgish,madrid,20,0
761,mostafa-50,56484,czech,valletta,3,0
762,mostafa-51,56485,finnish,sofia,3,1
763,mostafa-52,56486,dutch,amsterdam,44,1
764,mostafa-52,56486,czech,amsterdam,24,1
765,mostafa-53,56487,belgian,amsterdam,12,1
766,mostafa-54,56488,irish,sofia,40,0
767,mostafa-54,56488,polish,vilnius,2,0
768,mostafa-55,56489,romanian,paris,24,1
769,mostafa-55,56489,german,vienna,4,0
770,mostafa-56,56490,swedish,valletta,24,1
771,mostafa-56,56490,maltese,madrid,3,0
772,mostafa-57,56491,lithuanian,copenhagen,24,1
773,mostafa-58,56492,portuguese,madrid,40,1
774,mostafa-59,56493,dutch,sofia,44,1
775,mostafa-59,56493,lithuanian,paris,40,1
776,mostafa-59,56493,cypriot,amsterdam,3,0
777,mostafa-59,56493,spanish,vilnius,3,0
778,mostafa-59,56493,spanish,copenhagen,1,0
779,mostafa-60,56494,bulgarian,sofia,3,0
780,mostafa-61,56495,cypriot,valletta,40,0
781,mostafa-61,56495,czech,sofia,12,1
782,mostafa-62,56496,irish,sofia,28,0
783,mostafa-62,56496,finnish,rome,20,0
784,mostafa-62,56496,italian,sofia,3,0
785,mostafa-62,56496,polish,amsterdam,3,1
786,mostafa-63,56497,finnish,vienna,0,1
787,mostafa-64,56498,spanish,valletta,8,1
788,mostafa-65,56499,italian,madrid,4,0
789,mostafa-65,56499,german,madrid,0,1
790,mostafa-65,56499,french,vienna,0,0
791,mostafa-66,56500,finnish,rome,28,1
792,mostafa-66,56500,slovakian,amsterdam,28,0
793,mostafa-66,56500,swedish,vilnius,8,0
794,mostafa-66,56500,swedish,valletta,8,1
795,mostafa-66,56500,lithuanian,sofia,2,0
796,mostafa-66,56500,irish,paris,2,0
797,mostafa-67,56501,cypriot,copenhagen,4,1
798,mostafa-68,56502,finnish,copenhagen,3,1
799,mostafa-69,56503,austrian,paris,28,1
800,mostafa-69,56503,luxembourgish,vilnius,28,1
801,mostafa-70,56504,luxembourgish,valletta,32,1
802,mostafa-70,56504,slovene,madrid,32,0
803,mostafa-70,56504,belgian,vilnius,4,0
804,mostafa-70,56504,german,valletta,3,1
805,mostafa-71,56505,czech,valletta,40,0
806,mldmprocrastinators-7,56207,maltese,vilnius,2,1
807,mldmprocrastinators-9,56209,portuguese,vilnius,2,1
808,mldmprocrastinators-14,56214,italian,paris,1,1
809,mldmprocrastinators-24,56224,slovakian,paris,4,1
810,mldmprocrastinators-24,56224,finnish,vilnius,1,0
811,mldmprocrastinators-26,56226,slovene,paris,8,1
812,mldmprocrastinators-29,56229,greek,paris,0,1
813,mldmprocrastinators-39,56239,swedish,copenhagen,2,0
814,mldmprocrastinators-40,56240,hungarian,amsterdam,0,0
815,mldmprocrastinators-42,56242,swedish,amsterdam,1,1
816,mldmprocrastinators-43,56243,latvian,paris,1,1
817,mldmprocrastinators-46,56246,hungarian,copenhagen,2,0
818,mldmprocrastinators-48,56248,cypriot,copenhagen,0,1
819,mldmprocrastinators-50,56250,swedish,vilnius,1,1
820,mldmprocrastinators-57,56257,lithuanian,vienna,0,1
821,mldmprocrastinators-58,56258,swedish,vilnius,0,1
822,mldmprocrastinators-62,56262,slovakian,copenhagen,2,1
823,mldmprocrastinators-64,56264,slovakian,sofia,3,1
824,mldmprocrastinators-64,56264,polish,paris,3,1
825,mldmprocrastinators-66,56266,estonian,sofia,0,1
826,mldmprocrastinators-68,56268,spanish,amsterdam,0,0
827,mldmprocrastinators-76,56276,portuguese,paris,0,1
828,mldmprocrastinators-81,56281,maltese,vienna,8,0
829,mldmprocrastinators-84,56284,belgian,amsterdam,1,1
830,mldmprocrastinators-88,56288,portuguese,madrid,1,0
831,mldmprocrastinators-88,56288,czech,rome,1,1
832,mldmprocrastinators-91,56291,french,vienna,2,0
833,mldmprocrastinators-92,56292,hungarian,copenhagen,1,1
834,mldmprocrastinators-93,56293,danish,madrid,8,1
835,mldmprocrastinators-96,56296,slovakian,paris,1,1
836,mldmprocrastinators-103,56303,cypriot,sofia,0,1
837,mldmprocrastinators-106,56306,bulgarian,rome,4,0
838,mldmprocrastinators-107,56506,german,copenhagen,8,1
839,mldmprocrastinators-108,56507,croatian,vienna,32,0
840,mldmprocrastinators-108,56507,irish,paris,24,1
841,mldmprocrastinators-109,56508,spanish,vilnius,2,1
842,mldmprocrastinators-110,56509,croatian,copenhagen,40,1
843,mldmprocrastinators-110,56509,danish,rome,16,1
844,mldmprocrastinators-110,56509,french,madrid,1,1
845,mldmprocrastinators-111,56510,german,rome,12,0
846,mldmprocrastinators-112,56511,belgian,amsterdam,40,1
847,mldmprocrastinators-112,56511,maltese,amsterdam,28,0
848,mldmprocrastinators-112,56511,portuguese,sofia,2,0
849,mldmprocrastinators-113,56512,slovene,paris,28,0
850,mldmprocrastinators-113,56512,austrian,sofia,4,0
851,mldmprocrastinators-113,56512,romanian,paris,1,0
852,mldmprocrastinators-113,56512,danish,valletta,1,1
853,mldmprocrastinators-114,56513,german,vienna,36,0
854,mldmprocrastinators-114,56513,belgian,valletta,3,1
855,mldmprocrastinators-115,56514,latvian,paris,3,0
856,mldmprocrastinators-116,56515,hungarian,vilnius,1,0
857,mldmprocrastinators-116,56515,italian,vienna,1,0
858,mldmprocrastinators-117,56516,maltese,sofia,3,0
859,mldmprocrastinators-118,56517,austrian,sofia,36,0
860,mldmprocrastinators-118,56517,finnish,valletta,4,1
861,mldmprocrastinators-118,56517,luxembourgish,madrid,0,1
862,mldmprocrastinators-119,56518,maltese,vilnius,28,0
863,mldmprocrastinators-119,56518,cypriot,valletta,3,0
864,mldmprocrastinators-119,56518,austrian,rome,1,1
865,mldmprocrastinators-120,56519,french,madrid,20,1
866,mldmprocrastinators-120,56519,finnish,amsterdam,2,1
867,mldmprocrastinators-121,56520,belgian,valletta,3,1
868,mldmprocrastinators-122,56521,german,madrid,16,1
869,mldmprocrastinators-123,56522,hungarian,sofia,20,0
870,mldmprocrastinators-123,56522,romanian,sofia,4,1
871,mldmprocrastinators-124,56523,estonian,valletta,4,0
872,mldmprocrastinators-124,56523,austrian,amsterdam,4,0
873,mldmprocrastinators-125,56524,finnish,madrid,4,1
874,mldmprocrastinators-126,56525,cypriot,vienna,3,1
875,mldmprocrastinators-127,56526,polish,vilnius,8,0
876,mldmprocrastinators-128,56527,portuguese,sofia,40,0
877,mldmprocrastinators-128,56527,czech,amsterdam,12,1
878,mldmprocrastinators-129,56528,finnish,valletta,40,0
879,mldmprocrastinators-129,56528,croatian,amsterdam,36,0
880,mldmprocrastinators-129,56528,slovene,rome,12,1
881,mldmprocrastinators-129,56528,lithuanian,amsterdam,3,1
882,mldmprocrastinators-130,56529,slovakian,amsterdam,16,1
883,mldmprocrastinators-130,56529,german,rome,16,0
884,mldmprocrastinators-131,56530,romanian,vilnius,0,1
885,mldmprocrastinators-132,56531,lithuanian,sofia,24,0
886,mldmprocrastinators-133,56532,czech,paris,36,1
887,mldmprocrastinators-133,56532,italian,paris,3,0
888,mldmprocrastinators-134,56533,spanish,vienna,44,1
889,mldmprocrastinators-134,56533,portuguese,valletta,24,0
890,mldmprocrastinators-135,56534,swedish,amsterdam,32,0
891,mldmprocrastinators-135,56534,finnish,amsterdam,16,0
892,mldmprocrastinators-136,56535,slovakian,madrid,24,1
893,mldmprocrastinators-136,56535,cypriot,sofia,1,1
894,mldmprocrastinators-137,56536,finnish,valletta,40,1
895,mldmprocrastinators-137,56536,polish,madrid,16,0
896,mldmprocrastinators-138,56537,swedish,amsterdam,24,0
897,mldmprocrastinators-138,56537,german,valletta,24,1
898,mldmprocrastinators-139,56538,estonian,paris,3,0
899,mldmprocrastinators-140,56539,swedish,amsterdam,0,0
900,mldmprocrastinators-141,56540,danish,madrid,28,0
901,mldmprocrastinators-142,56541,swedish,vienna,1,1
902,mldmprocrastinators-143,56542,croatian,vilnius,16,1
903,mldmprocrastinators-143,56542,belgian,vilnius,2,1
904,mldmprocrastinators-144,56543,lithuanian,amsterdam,4,0
905,mldmprocrastinators-145,56544,greek,vienna,8,1
906,mldmprocrastinators-146,56545,luxembourgish,amsterdam,3,0
907,mldmprocrastinators-146,56545,czech,paris,0,1
908,mldmprocrastinators-146,56545,danish,rome,0,1
909,mldmprocrastinators-147,56546,dutch,rome,3,0
910,mldmprocrastinators-148,56547,portuguese,sofia,44,0
911,mldmprocrastinators-148,56547,dutch,sofia,16,1
912,mldmprocrastinators-148,56547,swedish,sofia,3,1
913,mldmprocrastinators-149,56548,latvian,rome,0,1
914,mldmprocrastinators-150,56549,romanian,vilnius,36,1
915,mldmprocrastinators-150,56549,hungarian,copenhagen,1,0
916,mldmprocrastinators-151,56550,romanian,amsterdam,44,1
917,mldmprocrastinators-151,56550,czech,copenhagen,12,1
918,mldmprocrastinators-151,56550,italian,rome,0,0
919,mldmprocrastinators-152,56551,italian,vilnius,16,0
920,mldmprocrastinators-153,56552,danish,paris,4,0
921,mldmprocrastinators-154,56553,greek,copenhagen,12,1
922,mldmprocrastinators-154,56553,latvian,copenhagen,2,1
923,mldmprocrastinators-155,56554,croatian,sofia,0,0
924,mldmprocrastinators-156,56555,irish,amsterdam,1,0
925,mldmprocrastinators-157,56556,romanian,copenhagen,40,1
926,mldmprocrastinators-158,56557,greek,vilnius,16,0
927,mldmprocrastinators-159,56558,swedish,vilnius,24,1
928,mldmprocrastinators-159,56558,finnish,copenhagen,4,0
929,mldmprocrastinators-159,56558,slovakian,copenhagen,2,0
930,mldmprocrastinators-160,56559,bulgarian,paris,3,0
931,mldmprocrastinators-161,56560,danish,paris,1,1
932,mldmprocrastinators-162,56561,spanish,madrid,32,1
933,mldmprocrastinators-163,56562,estonian,paris,44,1
934,mldmprocrastinators-163,56562,slovene,vienna,1,1
935,mldmprocrastinators-164,56563,greek,amsterdam,4,0
936,mldmprocrastinators-164,56563,maltese,amsterdam,0,0
937,mldmprocrastinators-165,56564,italian,amsterdam,0,0
938,mldmprocrastinators-166,56565,latvian,paris,24,0
939,mldmprocrastinators-167,56566,belgian,valletta,8,1
940,mldmprocrastinators-167,56566,cypriot,copenhagen,8,1
941,mldmprocrastinators-167,56566,danish,sofia,0,1
942,mldmprocrastinators-168,56567,hungarian,copenhagen,36,1
943,mldmprocrastinators-168,56567,slovene,rome,36,1
944,mldmprocrastinators-168,56567,lithuanian,valletta,12,1
945,mldmprocrastinators-169,56568,latvian,amsterdam,40,1
946,mldmprocrastinators-169,56568,romanian,rome,40,0
947,mldmprocrastinators-169,56568,greek,amsterdam,32,1
948,mldmprocrastinators-169,56568,luxembourgish,vilnius,28,1
949,mldmprocrastinators-170,56569,spanish,amsterdam,12,0
950,procrastinators-3,41286,hungarian,rome,0,0
951,procrastinators-4,55631,maltese,sofia,0,0
952,procrastinators-7,55741,latvian,vilnius,8,0
953,procrastinators-7,55741,german,paris,3,1
954,procrastinators-9,55846,portuguese,vienna,2,0
955,procrastinators-2,41284,spanish,amsterdam,0,1
956,procrastinators-10,55892,bulgarian,rome,0,0
957,procrastinators-14,55897,slovakian,amsterdam,0,1
958,procrastinators-17,55901,irish,sofia,0,0
959,procrastinators-18,55903,belgian,paris,1,1
960,procrastinators-12,55895,cypriot,vilnius,1,1
961,procrastinators-12,55895,greek,vienna,1,0
962,procrastinators-15,55898,slovakian,vilnius,0,1
963,procrastinators-18,55903,polish,rome,1,0
964,procrastinators-23,55909,polish,amsterdam,3,0
965,procrastinators-3,41286,bulgarian,madrid,0,1
966,procrastinators-7,55741,luxembourgish,rome,2,0
967,procrastinators-8,55742,spanish,valletta,0,0
968,procrastinators-14,55897,german,paris,0,0
969,procrastinators-18,55903,irish,sofia,1,1
970,procrastinators-12,55895,irish,madrid,0,0
971,procrastinators-13,55896,romanian,paris,0,0
972,procrastinators-21,55906,croatian,sofia,1,1
973,procrastinators-21,55906,belgian,sofia,1,1
974,procrastinators-28,55916,finnish,vienna,2,0
975,procrastinators-6,55740,cypriot,rome,0,1
976,procrastinators-13,55896,slovene,sofia,0,1
977,procrastinators-26,55913,irish,vilnius,1,0
978,procrastinators-29,55917,croatian,valletta,1,1
979,procrastinators-29,55917,spanish,amsterdam,0,0
980,procrastinators-22,55908,greek,rome,3,1
981,procrastinators-26,55913,german,amsterdam,1,1
982,procrastinators-31,55920,belgian,paris,1,0
983,procrastinators-32,55921,belgian,amsterdam,12,0
984,procrastinators-42,55934,slovene,vienna,0,1
985,procrastinators-5,55739,slovakian,valletta,0,0
986,procrastinators-15,55898,latvian,sofia,0,1
987,procrastinators-19,55904,slovene,rome,0,1
988,procrastinators-21,55906,austrian,copenhagen,1,1
989,procrastinators-23,55909,irish,rome,0,1
990,procrastinators-1,55630,latvian,vilnius,0,1
991,procrastinators-15,55898,lithuanian,valletta,0,0
992,procrastinators-20,55905,cypriot,valletta,1,1
993,procrastinators-30,55918,czech,madrid,0,0
994,procrastinators-40,55931,austrian,copenhagen,0,1
995,procrastinators-16,55900,dutch,copenhagen,0,1
996,procrastinators-22,55908,austrian,vilnius,2,0
997,procrastinators-1,55630,czech,vienna,0,0
998,procrastinators-9,55846,spanish,paris,0,1
999,procrastinators-25,55912,lithuanian,madrid,1,1
1000,procrastinators-30,55918,greek,vienna,0,0
1001,procrastinators-19,55904,french,valletta,0,1
1002,procrastinators-22,55908,lithuanian,sofia,1,1
1003,procrastinators-22,55908,irish,paris,0,0
1004,procrastinators-19,55904,romanian,vienna,0,0
1005,procrastinators-21,55906,austrian,vienna,1,0
1006,procrastinators-27,55914,hungarian,vienna,0,1
1007,procrastinators-46,56308,greek,rome,3,0
1008,procrastinators-46,56308,estonian,rome,2,1
1009,procrastinators-18,55903,polish,vienna,1,1
1010,procrastinators-28,55916,swedish,paris,0,1
1011,procrastinators-28,55916,swedish,madrid,0,1
1012,procrastinators-31,55920,austrian,valletta,0,0
1013,procrastinators-31,55920,bulgarian,vilnius,0,1
1014,procrastinators-5,55739,german,vilnius,0,1
1015,procrastinators-14,55897,cypriot,vilnius,0,0
1016,procrastinators-35,55925,hungarian,copenhagen,0,1
1017,procrastinators-37,55928,croatian,rome,0,0
1018,procrastinators-42,55934,polish,vienna,0,0
1019,procrastinators-32,55921,spanish,vienna,9,0
1020,procrastinators-32,55921,austrian,sofia,4,1
1021,procrastinators-48,56310,swedish,copenhagen,12,1
1022,procrastinators-48,56310,portuguese,valletta,12,1
1023,procrastinators-48,56310,danish,rome,0,0
1024,beltran-3,56160,latvian,madrid,4,1
1025,beltran-3,56160,danish,amsterdam,0,1
1026,beltran-4,56161,romanian,valletta,0,1
1027,beltran-5,56162,lithuanian,amsterdam,0,1
1028,beltran-6,56163,austrian,valletta,12,1
1029,beltran-8,56165,czech,sofia,0,0
1030,beltran-21,56178,german,amsterdam,2,0
1031,beltran-35,56354,czech,amsterdam,8,1
1032,beltran-35,56354,czech,copenhagen,4,1
1033,beltran-39,56358,dutch,vilnius,11,0
1034,beltran-43,56362,danish,sofia,18,0
1035,beltran-47,56366,slovakian,paris,3,0
1036,beltran-51,56370,luxembourgish,copenhagen,19,0
1037,beltran-59,56378,portuguese,paris,34,0
1038,beltran-59,56378,romanian,paris,0,1
1039,beltran-63,56382,spanish,vienna,7,0
1040,beltran-67,56386,latvian,vilnius,26,0
1041,beltran-73,56392,italian,vilnius,18,0
1042,beltran-73,56392,polish,vilnius,17,1
1043,beltran-73,56392,dutch,paris,9,0
1044,beltran-76,56395,cypriot,madrid,0,1
1045,beltran-78,67368,croatian,madrid,34,1
1046,beltran-79,67369,belgian,rome,30,0
1047,beltran-80,67370,latvian,valletta,12,1
1048,beltran-80,67370,cypriot,rome,9,0
1049,badie-14,56398,bulgarian,amsterdam,3,0
1050,badie-17,56401,italian,rome,4,0
1051,badie-18,56402,polish,amsterdam,24,1
1052,badie-18,56402,estonian,vilnius,7,0
1053,badie-21,56405,italian,paris,10,0
1054,badie-24,56408,lithuanian,valletta,1,0
1055,badie-42,56426,cypriot,paris,6,1
1056,badie-44,56428,austrian,vilnius,0,0
1057,badie-45,56429,lithuanian,valletta,11,0
1058,badie-46,56430,irish,amsterdam,1,1
1059,badie-54,56438,spanish,valletta,16,1
1060,badie-54,56438,belgian,paris,8,0
1061,badie-57,56441,estonian,rome,17,1
1062,badie-57,56441,portuguese,vienna,2,1
1063,badie-61,56445,italian,vilnius,19,1
1064,badie-68,56452,dutch,amsterdam,11,0
1065,badie-68,56452,cypriot,madrid,1,0
1066,badie-69,67371,romanian,valletta,9,0
1067,badie-70,67372,slovene,madrid,27,0
1068,badie-70,67372,irish,rome,10,1
1069,badie-70,67372,portuguese,copenhagen,7,1
1070,badie-71,67373,czech,copenhagen,7,0
1071,badie-72,67374,slovene,amsterdam,29,1
1072,badie-72,67374,belgian,rome,9,1
1073,badie-73,67375,polish,sofia,23,1
1074,mostafa-6,56145,french,madrid,3,1
1075,mostafa-7,56146,austrian,rome,2,1
1076,mostafa-22,56456,czech,amsterdam,11,0
1077,mostafa-27,56461,spanish,valletta,34,1
1078,mostafa-27,56461,romanian,sofia,8,1
1079,mostafa-31,56465,french,amsterdam,0,0
1080,mostafa-34,56468,hungarian,vilnius,12,0
1081,mostafa-45,56479,dutch,vilnius,8,0
1082,mostafa-49,56483,croatian,copenhagen,8,1
1083,mostafa-49,56483,belgian,vienna,4,0
1084,mostafa-55,56489,spanish,madrid,1,1
1085,mostafa-57,56491,belgian,rome,10,1
1086,mostafa-57,56491,maltese,amsterdam,9,1
1087,mostafa-58,56492,spanish,valletta,40,1
1088,mostafa-58,56492,french,madrid,26,1
1089,mostafa-58,56492,hungarian,amsterdam,15,1
1090,mostafa-59,56493,croatian,copenhagen,1,1
1091,mostafa-60,56494,french,rome,0,1
1092,mostafa-71,56505,latvian,vienna,5,0
1093,mostafa-72,67376,hungarian,copenhagen,12,1
1094,mostafa-72,67376,belgian,madrid,11,1
1095,mostafa-72,67376,estonian,madrid,6,1
1096,mostafa-72,67376,italian,rome,5,0
1097,mostafa-73,67377,luxembourgish,vilnius,32,1
1098,mostafa-74,67378,finnish,amsterdam,15,0
1099,pepito-1,67379,irish,copenhagen,42,1
1100,pepito-1,67379,luxembourgish,vienna,28,0
1101,pepito-2,67380,croatian,valletta,22,0
1102,pepito-3,67381,latvian,madrid,6,1
1103,pepito-4,67382,italian,amsterdam,39,1
1104,pepito-4,67382,romanian,vienna,27,0
1105,pepito-4,67382,luxembourgish,vilnius,12,0
1106,pepito-4,67382,bulgarian,copenhagen,2,0
1107,pepito-5,67383,greek,valletta,43,0
1108,pepito-5,67383,german,madrid,28,0
1109,pepito-5,67383,danish,valletta,18,0
1110,pepito-6,67384,belgian,madrid,14,0
1111,pepito-7,67385,romanian,amsterdam,33,1
1112,pepito-7,67385,belgian,vienna,16,0
1113,pepito-8,67386,irish,valletta,16,0
1114,pepito-9,67387,slovakian,vilnius,11,0
1115,pepito-9,67387,french,vienna,10,0
1116,pepito-10,67388,danish,copenhagen,24,0
1117,pepito-10,67388,lithuanian,copenhagen,8,1
1118,pepito-10,67388,german,copenhagen,7,0
1119,pepito-11,67389,lithuanian,vilnius,24,0
1120,pepito-11,67389,cypriot,amsterdam,4,1
1121,pepito-12,67390,slovene,amsterdam,12,1
1122,pepito-13,67391,irish,madrid,23,0
1123,pepito-14,67392,irish,copenhagen,23,0
1124,messi-1,67393,romanian,rome,42,1
1125,messi-1,67393,latvian,rome,25,1
1126,messi-1,67393,romanian,vilnius,15,0
1127,messi-1,67393,slovene,amsterdam,10,0
1128,messi-2,67394,finnish,vienna,37,0
1129,messi-2,67394,irish,rome,6,1
1130,messi-3,67395,dutch,vienna,11,0
1131,messi-4,67396,croatian,rome,5,1
1132,messi-5,67397,austrian,amsterdam,12,1
1133,messi-6,67398,irish,vilnius,8,1
1134,messi-7,67399,french,sofia,19,1
1135,messi-7,67399,estonian,amsterdam,0,0
1136,messi-8,67400,swedish,paris,13,1
1137,messi-9,67401,latvian,madrid,42,0
1138,messi-9,67401,slovakian,sofia,13,1
1139,messi-9,67401,french,vilnius,4,1
1140,messi-9,67401,bulgarian,vilnius,1,0
1141,messi-10,67402,slovakian,copenhagen,43,1
1142,messi-10,67402,cypriot,valletta,32,1
1143,messi-10,67402,bulgarian,vilnius,26,1
1144,messi-11,67403,slovakian,paris,21,0
1145,messi-11,67403,spanish,vienna,6,1
1146,messi-12,67404,belgian,valletta,32,0
1147,messi-12,67404,slovene,sofia,22,1
1148,messi-12,67404,french,sofia,7,0
1149,messi-13,67405,danish,paris,26,1
1150,messi-14,67406,portuguese,valletta,23,1
1151,messi-14,67406,lithuanian,madrid,10,1
1152,messi-15,67407,italian,madrid,8,0
1153,messi-16,67408,portuguese,vilnius,40,1
1154,messi-16,67408,estonian,valletta,6,1
1155,messi-17,67409,cypriot,paris,24,0
1156,messi-18,67410,maltese,sofia,26,0
1157,messi-18,67410,italian,amsterdam,24,0
1158,messi-18,67410,hungarian,rome,24,1
1159,messi-19,67411,polish,paris,24,1
1160,messi-19,67411,belgian,amsterdam,18,0
1161,messi-20,67412,estonian,madrid,24,0
1162,messi-20,67412,hungarian,rome,5,1
1163,messi-20,67412,romanian,copenhagen,5,1
1164,messi-21,67413,hungarian,vilnius,36,1
1165,messi-21,67413,hungarian,copenhagen,33,0
1166,messi-21,67413,lithuanian,copenhagen,33,1
1167,messi-21,67413,bulgarian,copenhagen,1,0
1168,messi-22,67414,latvian,amsterdam,0,1
1169,messi-23,67415,irish,valletta,28,1
1170,messi-24,67416,croatian,madrid,5,1
1171,messi-25,67417,maltese,madrid,10,0
1172,messi-25,67417,lithuanian,vilnius,10,0
1173,messi-25,67417,polish,valletta,5,0
1174,avatar-1,69582,polish,valletta,3,1
1175,avatar-1,69582,lithuanian,vienna,2,0
1176,avatar-2,69583,belgian,amsterdam,39,0
1177,avatar-2,69583,dutch,amsterdam,21,1
1178,avatar-2,69583,finnish,vienna,1,0
1179,avatar-3,69584,finnish,amsterdam,4,1
1180,avatar-4,69585,hungarian,amsterdam,15,0
1181,avatar-4,69585,spanish,rome,6,1
1182,avatar-5,69586,estonian,rome,5,0
1183,avatar-6,69587,french,vilnius,21,0
1184,avatar-6,69587,swedish,madrid,17,0
1185,avatar-6,69587,bulgarian,rome,3,1
1186,avatar-6,69587,luxembourgish,rome,2,1
1187,avatar-7,69588,cypriot,rome,4,0
1188,avatar-8,69589,polish,madrid,6,0
1189,avatar-9,69590,estonian,madrid,38,0
1190,avatar-9,69590,italian,amsterdam,5,1
1191,avatar-10,69591,irish,paris,35,1
1192,avatar-10,69591,spanish,vienna,1,0
1193,avatar-11,69592,finnish,copenhagen,18,1
1194,avatar-11,69592,greek,madrid,0,0
1195,avatar-12,69593,dutch,madrid,21,0
1196,avatar-12,69593,maltese,amsterdam,6,0
1197,avatar-12,69593,austrian,vilnius,6,0
1198,avatar-13,69594,irish,vilnius,3,1
1199,avatar-14,69595,hungarian,copenhagen,35,0
1200,avatar-14,69595,greek,paris,5,0
1201,avatar-15,69596,austrian,rome,6,1
1202,avatar-15,69596,maltese,copenhagen,6,0
1203,avatar-15,69596,slovakian,madrid,3,1
1204,avatar-16,69597,dutch,vienna,2,1
1205,avatar-16,69597,hungarian,paris,0,0
1206,avatar-17,69598,german,amsterdam,17,1
1207,avatar-17,69598,finnish,vilnius,6,0
1208,avatar-17,69598,maltese,paris,1,0
1209,avatar-18,69599,romanian,vilnius,20,1
1210,avatar-18,69599,swedish,paris,16,1
1211,avatar-18,69599,portuguese,amsterdam,6,0
1212,avatar-18,69599,spanish,vilnius,0,0
1213,avatar-19,69600,romanian,madrid,17,0
1214,avatar-20,69601,lithuanian,rome,2,1
1215,avatar-21,69602,hungarian,copenhagen,4,0
1216,avatar-22,69603,croatian,sofia,18,1
1217,avatar-23,69604,irish,amsterdam,6,1
1218,avatar-24,69605,croatian,vilnius,4,0
1219,avatar-25,69606,slovakian,paris,18,0
1220,avatar-26,69607,maltese,amsterdam,3,0
1221,avatar-27,69608,lithuanian,vilnius,4,0
1222,avatar-28,69609,luxembourgish,vilnius,37,0
1223,avatar-28,69609,bulgarian,madrid,5,1
1224,avatar-29,69610,danish,amsterdam,16,1
1225,avatar-30,69611,slovakian,vienna,1,0
1226,avatar-31,69612,hungarian,madrid,2,0
1227,avatar-32,69613,danish,rome,4,0
1228,avatar-33,69614,spanish,valletta,35,0
1229,kvzqycbf,69616,swedish,copenhagen,15,1
1230,snfgcobv,69617,hungarian,copenhagen,0,0
1231,ganmtvzd,69618,irish,paris,18,1
1232,ganmtvzd,69618,czech,rome,4,0
1233,clkrhvpz,69619,finnish,vilnius,16,1
1234,knmdejou,69620,slovakian,valletta,2,1
1235,gadybinm,69621,italian,vienna,0,1
1236,olpsakci,69622,hungarian,rome,18,1
1237,olpsakci,69622,slovene,vienna,4,0
1238,olpsakci,69622,german,vilnius,3,0
1239,olpsakci,69622,maltese,vilnius,0,0
1240,phcidqgl,69623,hungarian,vienna,3,1
1241,phcidqgl,69623,finnish,copenhagen,0,0
1242,gdqbkhxl,69624,hungarian,vilnius,5,1
1243,xgcowuin,69625,greek,paris,6,1
1244,kealsiwh,69626,danish,vienna,18,1
1245,phaqeikt,69627,danish,copenhagen,18,1
1246,phaqeikt,69627,austrian,copenhagen,16,1
1247,phaqeikt,69627,romanian,valletta,4,0
1248,phaqeikt,69627,hungarian,madrid,2,1
1249,vchykdjl,69628,finnish,paris,34,0
1250,vchykdjl,69628,estonian,amsterdam,4,1
1251,dijlvaqg,69629,austrian,vilnius,5,1
1252,jcspavtb,69630,hungarian,paris,20,0
1253,jcspavtb,69630,czech,vienna,4,0
1254,oilwxdjs,69631,finnish,vilnius,35,1
1255,xmviljqs,69632,dutch,copenhagen,36,1
1256,xmviljqs,69632,swedish,paris,2,1
1257,yapveiwg,69633,french,sofia,0,0
1258,yapveiwg,69633,czech,amsterdam,0,1
1259,ezbiaqts,69634,swedish,paris,35,0
1260,ezbiaqts,69634,romanian,copenhagen,20,0
1261,ezbiaqts,69634,estonian,amsterdam,19,0
1262,geqanywu,69635,romanian,amsterdam,0,1
1263,qhxsvout,69636,austrian,copenhagen,40,1
1264,qhxsvout,69636,estonian,paris,15,0
1265,qhxsvout,69636,austrian,copenhagen,2,1
1266,pfqbriho,69637,spanish,madrid,35,0
1267,pfqbriho,69637,danish,vienna,2,1
1268,bxgqpznr,69638,italian,vilnius,2,0
1269,bxgqpznr,69638,swedish,amsterdam,0,1
1270,kqnwmcvp,69639,hungarian,amsterdam,17,0
1271,kqnwmcvp,69639,hungarian,madrid,4,0
1272,kqnwmcvp,69639,finnish,vilnius,2,0
1273,tmvnwcpl,69640,slovakian,amsterdam,5,1
1274,tmvnwcpl,69640,german,madrid,5,0
1275,tmvnwcpl,69640,finnish,madrid,0,0
1276,jxlekzth,69641,romanian,amsterdam,3,0
1277,vbpwrxlj,69642,bulgarian,rome,1,1
1278,drfzpvbm,69643,hungarian,rome,1,1
1279,wgivkbrt,69644,croatian,paris,39,0
1280,wgivkbrt,69644,cypriot,vilnius,21,1
1281,wgivkbrt,69644,danish,vilnius,2,1
1282,ectxulya,69645,hungarian,valletta,16,1
1283,mwquodtg,69646,estonian,paris,21,0
1284,lhandwco,69647,belgian,copenhagen,6,0
1285,lhandwco,69647,estonian,rome,1,1
1286,procr,75365,romanian,paris,3,1
1287,procgroup,75366,romanian,paris,3,1
1288,abuelita,75367,romanian,paris,3,1
1289,abuelita,75367,romanian,paris,3,0
1290,jaypisbx,76392,slovene,valletta,43,0
1291,jaypisbx,76392,slovene,valletta,43,1
1292,mhbwlutq,76393,belgian,copenhagen,2,0
1293,mhbwlutq,76393,belgian,copenhagen,2,1
1294,dycihvtw,76394,german,sofia,20,0
1295,dycihvtw,76394,german,sofia,20,1
1296,xcmsauzr,76395,spanish,vienna,5,0
1297,xcmsauzr,76395,spanish,vienna,5,1
1298,etvmipsn,76396,german,madrid,6,0
1299,etvmipsn,76396,german,madrid,6,1
1300,owyczedl,76397,italian,vilnius,9,0
1301,owyczedl,76397,italian,vilnius,9,1
1302,dbeajlkv,76398,dutch,amsterdam,3,1
1303,dbeajlkv,76398,dutch,copenhagen,3,1
1304,dbeajlkv,76398,dutch,madrid,3,1
1305,dbeajlkv,76398,dutch,paris,3,1
1306,dbeajlkv,76398,dutch,rome,3,1
1307,dbeajlkv,76398,dutch,sofia,3,1
1308,dbeajlkv,76398,dutch,valletta,3,1
1309,dbeajlkv,76398,dutch,vienna,3,1
1310,dbeajlkv,76398,dutch,vilnius,3,1
1311,nusqypil,76399,polish,amsterdam,10,0
1312,nusqypil,76399,polish,copenhagen,10,0
1313,nusqypil,76399,polish,madrid,10,0
1314,nusqypil,76399,polish,paris,10,0
1315,nusqypil,76399,polish,rome,10,0
1316,nusqypil,76399,polish,sofia,10,0
1317,nusqypil,76399,polish,valletta,10,0
1318,nusqypil,76399,polish,vienna,10,0
1319,nusqypil,76399,polish,vilnius,10,0
1320,szhoycea,76400,czech,amsterdam,30,0
1321,szhoycea,76400,czech,copenhagen,30,0
1322,szhoycea,76400,czech,madrid,30,0
1323,szhoycea,76400,czech,paris,30,0
1324,szhoycea,76400,czech,rome,30,0
1325,szhoycea,76400,czech,sofia,30,0
1326,szhoycea,76400,czech,valletta,30,0
1327,szhoycea,76400,czech,vienna,30,0
1328,szhoycea,76400,czech,vilnius,30,0
1329,iayokumx,76401,austrian,vilnius,13,0
1330,iayokumx,76401,belgian,vilnius,13,0
1331,iayokumx,76401,bulgarian,vilnius,13,0
1332,iayokumx,76401,croatian,vilnius,13,0
1333,iayokumx,76401,cypriot,vilnius,13,0
1334,iayokumx,76401,czech,vilnius,13,0
1335,iayokumx,76401,danish,vilnius,13,0
1336,iayokumx,76401,dutch,vilnius,13,0
1337,iayokumx,76401,estonian,vilnius,13,0
1338,iayokumx,76401,finnish,vilnius,13,0
1339,iayokumx,76401,french,vilnius,13,0
1340,iayokumx,76401,german,vilnius,13,0
1341,iayokumx,76401,greek,vilnius,13,0
1342,iayokumx,76401,hungarian,vilnius,13,0
1343,iayokumx,76401,irish,vilnius,13,0
1344,iayokumx,76401,italian,vilnius,13,0
1345,iayokumx,76401,latvian,vilnius,13,0
1346,iayokumx,76401,lithuanian,vilnius,13,0
1347,iayokumx,76401,luxembourgish,vilnius,13,0
1348,iayokumx,76401,maltese,vilnius,13,0
1349,iayokumx,76401,polish,vilnius,13,0
1350,iayokumx,76401,portuguese,vilnius,13,0
1351,iayokumx,76401,romanian,vilnius,13,0
1352,iayokumx,76401,slovakian,vilnius,13,0
1353,iayokumx,76401,slovene,vilnius,13,0
1354,iayokumx,76401,spanish,vilnius,13,0
1355,iayokumx,76401,swedish,vilnius,13,0
1356,opfyrncq,76402,austrian,vienna,14,1
1357,opfyrncq,76402,belgian,vienna,14,1
1358,opfyrncq,76402,bulgarian,vienna,14,1
1359,opfyrncq,76402,croatian,vienna,14,1
1360,opfyrncq,76402,cypriot,vienna,14,1
1361,opfyrncq,76402,czech,vienna,14,1
1362,opfyrncq,76402,danish,vienna,14,1
1363,opfyrncq,76402,dutch,vienna,14,1
1364,opfyrncq,76402,estonian,vienna,14,1
1365,opfyrncq,76402,finnish,vienna,14,1
1366,opfyrncq,76402,french,vienna,14,1
1367,opfyrncq,76402,german,vienna,14,1
1368,opfyrncq,76402,greek,vienna,14,1
1369,opfyrncq,76402,hungarian,vienna,14,1
1370,opfyrncq,76402,irish,vienna,14,1
1371,opfyrncq,76402,italian,vienna,14,1
1372,opfyrncq,76402,latvian,vienna,14,1
1373,opfyrncq,76402,lithuanian,vienna,14,1
1374,opfyrncq,76402,luxembourgish,vienna,14,1
1375,opfyrncq,76402,maltese,vienna,14,1
1376,opfyrncq,76402,polish,vienna,14,1
1377,opfyrncq,76402,portuguese,vienna,14,1
1378,opfyrncq,76402,romanian,vienna,14,1
1379,opfyrncq,76402,slovakian,vienna,14,1
1380,opfyrncq,76402,slovene,vienna,14,1
1381,opfyrncq,76402,spanish,vienna,14,1
1382,opfyrncq,76402,swedish,vienna,14,1
1383,wcoljafy,76403,austrian,valletta,0,1
1384,wcoljafy,76403,belgian,valletta,0,1
1385,wcoljafy,76403,bulgarian,valletta,0,1
1386,wcoljafy,76403,croatian,valletta,0,1
1387,wcoljafy,76403,cypriot,valletta,0,1
1388,wcoljafy,76403,czech,valletta,0,1
1389,wcoljafy,76403,danish,valletta,0,1
1390,wcoljafy,76403,dutch,valletta,0,1
1391,wcoljafy,76403,estonian,valletta,0,1
1392,wcoljafy,76403,finnish,valletta,0,1
1393,wcoljafy,76403,french,valletta,0,1
1394,wcoljafy,76403,german,valletta,0,1
1395,wcoljafy,76403,greek,valletta,0,1
1396,wcoljafy,76403,hungarian,valletta,0,1
1397,wcoljafy,76403,irish,valletta,0,1
1398,wcoljafy,76403,italian,valletta,0,1
1399,wcoljafy,76403,latvian,valletta,0,1
1400,wcoljafy,76403,lithuanian,valletta,0,1
1401,wcoljafy,76403,luxembourgish,valletta,0,1
1402,wcoljafy,76403,maltese,valletta,0,1
1403,wcoljafy,76403,polish,valletta,0,1
1404,wcoljafy,76403,portuguese,valletta,0,1
1405,wcoljafy,76403,romanian,valletta,0,1
1406,wcoljafy,76403,slovakian,valletta,0,1
1407,wcoljafy,76403,slovene,valletta,0,1
1408,wcoljafy,76403,spanish,valletta,0,1
1409,wcoljafy,76403,swedish,valletta,0,1
1410,xudpjvwk,76404,austrian,madrid,1,1
1411,xudpjvwk,76404,belgian,madrid,1,1
1412,xudpjvwk,76404,bulgarian,madrid,1,1
1413,xudpjvwk,76404,croatian,madrid,1,1
1414,xudpjvwk,76404,cypriot,madrid,1,1
1415,xudpjvwk,76404,czech,madrid,1,1
1416,xudpjvwk,76404,danish,madrid,1,1
1417,xudpjvwk,76404,dutch,madrid,1,1
1418,xudpjvwk,76404,estonian,madrid,1,1
1419,xudpjvwk,76404,finnish,madrid,1,1
1420,xudpjvwk,76404,french,madrid,1,1
1421,xudpjvwk,76404,german,madrid,1,1
1422,xudpjvwk,76404,greek,madrid,1,1
1423,xudpjvwk,76404,hungarian,madrid,1,1
1424,xudpjvwk,76404,irish,madrid,1,1
1425,xudpjvwk,76404,italian,madrid,1,1
1426,xudpjvwk,76404,latvian,madrid,1,1
1427,xudpjvwk,76404,lithuanian,madrid,1,1
1428,xudpjvwk,76404,luxembourgish,madrid,1,1
1429,xudpjvwk,76404,maltese,madrid,1,1
1430,xudpjvwk,76404,polish,madrid,1,1
1431,xudpjvwk,76404,portuguese,madrid,1,1
1432,xudpjvwk,76404,romanian,madrid,1,1
1433,xudpjvwk,76404,slovakian,madrid,1,1
1434,xudpjvwk,76404,slovene,madrid,1,1
1435,xudpjvwk,76404,spanish,madrid,1,1
1436,xudpjvwk,76404,swedish,madrid,1,1
1437,dpmuylje,76406,austrian,vienna,1,1
1438,zfjdgxwu,76407,belgian,vienna,1,1
1439,rnupfgqe,76408,bulgarian,vienna,1,1
1440,sfpmavzx,76409,croatian,vienna,1,1
1441,aijlzhuw,76410,cypriot,vienna,1,1
1442,uzhbmrns,76411,czech,vienna,1,1
1443,dzapiefx,76412,danish,vienna,1,1
1444,vhknlsyu,76413,dutch,vienna,1,1
1445,ychtskqz,76414,estonian,vienna,1,1
1446,vgsrxlae,76415,finnish,vienna,1,1
1447,sjplemxc,76416,french,vienna,1,1
1448,lurbzcts,76417,german,vienna,1,1
1449,hfnozsud,76418,greek,vienna,1,1
1450,qvrzbftx,76419,hungarian,vienna,1,1
1451,wtskymaz,76420,irish,vienna,1,1
1452,lhspeagk,76421,italian,vienna,1,1
1453,sbhroiuc,76422,latvian,vienna,1,1
1454,dpfmzhqu,76423,lithuanian,vienna,1,1
1455,iuvsbfnj,76424,luxembourgish,vienna,1,1
1456,yxgiuhlw,76425,maltese,vienna,1,1
1457,slxibqgu,76426,polish,vienna,1,1
1458,kpzcgxsh,76427,portuguese,vienna,1,1
1459,rswgpytv,76428,romanian,vienna,1,1
1460,mliaucev,76429,slovakian,vienna,1,1
1461,doanqstp,76430,slovene,vienna,1,1
1462,atwzrvbd,76431,spanish,vienna,1,1
1463,kxnmoira,76432,swedish,vienna,1,1
1464,rfzecxvl,76433,austrian,madrid,2,0
1465,qdmaufwe,76434,belgian,madrid,2,0
1466,vfskecrd,76435,bulgarian,madrid,2,0
1467,ptowlbqd,76436,croatian,madrid,2,0
1468,fbzvkwid,76437,cypriot,madrid,2,0
1469,zoylbnqu,76438,czech,madrid,2,0
1470,ksvhxyaf,76439,danish,madrid,2,0
1471,pgbdiofy,76440,dutch,madrid,2,0
1472,utpwbrgy,76441,estonian,madrid,2,0
1473,aldofnhq,76442,finnish,madrid,2,0
1474,zxofpvka,76443,french,madrid,2,0
1475,vgmyinko,76444,german,madrid,2,0
1476,snflydpg,76445,greek,madrid,2,0
1477,yxdzqkri,76446,hungarian,madrid,2,0
1478,obhyrmci,76447,irish,madrid,2,0
1479,hdpzlfai,76448,italian,madrid,2,0
1480,qalicymr,76449,latvian,madrid,2,0
1481,qlfruezd,76450,lithuanian,madrid,2,0
1482,kapimson,76451,luxembourgish,madrid,2,0
1483,zicoeplu,76452,maltese,madrid,2,0
1484,crqdobyu,76453,polish,madrid,2,0
1485,vibuwogp,76454,portuguese,madrid,2,0
1486,imqluaje,76455,romanian,madrid,2,0
1487,jlpqcmir,76456,slovakian,madrid,2,0
1488,sbdngtpk,76457,slovene,madrid,2,0
1489,amysdzce,76458,spanish,madrid,2,0
1490,cerwypmh,76459,swedish,madrid,2,0
1491,bytjmaus,81059,czech,sofia,2,0
1492,gcxwklvs,81060,czech,sofia,2,1
1493,odplvbiq,81061,german,madrid,2,0
1494,pmxsnqtg,81062,german,madrid,2,1
1495,dlcympuk,81063,spanish,madrid,6,0
1496,itverpbu,81064,spanish,madrid,6,1
1497,tznobexg,81065,czech,vienna,38,0
1498,fgbidyrn,81066,czech,vienna,38,1
1499,zktjgoeu,81067,swedish,paris,32,0
1500,wmuybfxe,81068,swedish,paris,32,1
1501,ojiypbvu,81069,cypriot,rome,5,0
1502,elnxryva,81070,cypriot,rome,5,1
1503,zarlcxkt,81071,belgian,amsterdam,10,0
1504,utwompax,81072,belgian,amsterdam,10,1
1505,jenpkzri,81073,italian,valletta,39,0
1506,rgskznel,81074,italian,valletta,39,1
1507,bocuhkwt,81075,danish,madrid,11,0
1508,sqndmzhj,81076,danish,madrid,11,1
1509,ohcbsdyi,81077,slovakian,copenhagen,35,0
1510,iowdvbzf,81078,slovakian,copenhagen,35,1
1511,vuasmxhw,81079,swedish,paris,19,0
1512,vnczqwxu,81080,swedish,paris,19,1
1513,bszpvkdr,81081,austrian,sofia,3,0
1514,dsbhjvmo,81082,austrian,sofia,3,1
1515,zewocvby,81083,german,rome,29,0
1516,vhgyocsl,81084,german,rome,29,1
1517,lzvcdwgy,81085,german,amsterdam,28,0
1518,duxgkvcl,81086,german,amsterdam,28,1
1519,lynhoveq,81087,french,sofia,37,0
1520,xqrwdati,81088,french,sofia,37,1
1521,raolfwpu,81089,lithuanian,vilnius,25,0
1522,wxhmjbdq,81090,lithuanian,vilnius,25,1
1523,qikerzuj,81091,swedish,vienna,6,0
1524,flbekupr,81092,swedish,vienna,6,1
1525,dhgrsiob,81093,maltese,rome,0,0
1526,fsjibokm,81094,maltese,rome,0,1
1527,vlzkygph,81095,irish,vilnius,19,0
1528,sjimybze,81096,irish,vilnius,19,1
1529,jvtpisqa,81097,italian,vienna,13,0
1530,anigbmsj,81098,italian,vienna,13,1
1531,pkhojmcw,81099,french,vienna,25,0
1532,vbuoqfjp,81100,french,vienna,25,1
1533,iylqjkcx,81101,czech,vienna,40,0
1534,ljenqwtb,81102,czech,vienna,40,1
1535,nvcptide,81103,irish,amsterdam,32,0
1536,agxbymeh,81104,irish,amsterdam,32,1
1537,souvrhjm,81105,spanish,sofia,19,0
1538,aicqzboe,81106,spanish,sofia,19,1
1539,updtnajy,81107,romanian,valletta,26,0
1540,tunzoqcy,81108,romanian,valletta,26,1
1541,gqscuojl,81109,czech,paris,13,0
1542,qftpmoyr,81110,czech,paris,13,1
1543,fxsmqpad,81111,lithuanian,copenhagen,4,0
1544,qhoryabn,81112,lithuanian,copenhagen,4,1
1545,cqvkuhdb,81113,dutch,madrid,24,0
1546,adwnefoz,81114,dutch,madrid,24,1
1547,dzhmqkpj,81115,french,vilnius,31,0
1548,zuwqltvc,81116,french,vilnius,31,1
1549,uwheyslt,81117,french,madrid,41,0
1550,gmkanswr,81118,french,madrid,41,1
1551,wqcrjezb,81119,estonian,amsterdam,21,0
1552,qvoremxh,81120,estonian,amsterdam,21,1
1553,freuzkln,81121,cypriot,sofia,1,0
1554,uxbgqrzc,81122,cypriot,sofia,1,1
1555,kcimzhqe,81123,polish,amsterdam,11,0
1556,xmeyazjs,81124,polish,amsterdam,11,1
1557,qrjtmebh,81125,polish,vienna,19,0
1558,knyflezq,81126,polish,vienna,19,1
1559,mqpxkutg,81127,danish,paris,27,0
1560,gzsnluap,81128,danish,paris,27,1
1561,ihxfrgjo,81129,estonian,amsterdam,23,0
1562,nkhzwloq,81130,estonian,amsterdam,23,1
1563,msfidqnr,81131,german,rome,36,0
1564,xsetqavi,81132,german,rome,36,1
1565,amyirtgj,81133,belgian,vilnius,3,0
1566,nrkidhsq,81134,belgian,vilnius,3,1
1567,xtqbgifv,81135,austrian,copenhagen,2,0
1568,dazrtksv,81136,austrian,copenhagen,2,1
1569,vnfxzdug,81137,romanian,vilnius,0,0
1570,semwozxv,81138,romanian,vilnius,0,1
1571,qvopcend,81139,slovakian,sofia,16,0
1572,auyibxsh,81140,slovakian,sofia,16,1
1573,qvfzgcws,81141,finnish,sofia,35,0
1574,oakpmicq,81142,finnish,sofia,35,1
1575,tylbzouw,81143,polish,valletta,40,0
1576,mwqbgdcz,81144,polish,valletta,40,1
1577,dgwatcni,81145,spanish,valletta,39,0
1578,drpqfwet,81146,spanish,valletta,39,1
1579,uvtawldy,81147,french,vilnius,24,0
1580,qtzoydbe,81148,french,vilnius,24,1
1581,hdvswkno,81149,portuguese,amsterdam,42,0
1582,wbgmpxrh,81150,portuguese,amsterdam,42,1
1583,spewqrfo,81151,latvian,rome,2,0
1584,lckyoevd,81152,latvian,rome,2,1
1585,hjbogcae,81153,bulgarian,paris,1,0
1586,bliswtjp,81154,bulgarian,paris,1,1
1587,yfeuznaj,81155,croatian,madrid,44,0
1588,bgflptcq,81156,croatian,madrid,44,1
1589,umlsaprc,81157,cypriot,valletta,32,0
1590,vwplhqrd,81158,cypriot,valletta,32,1
1591,vyrgdcex,81160,romanian,valletta,38,0
1592,bxgulwph,81161,romanian,valletta,38,1
1593,cvrfwaxn,81162,romanian,valletta,38,0
1594,cqvkszud,81163,romanian,valletta,38,1
1595,awruhltf,81164,romanian,valletta,38,0
1596,xoviurmz,81165,romanian,valletta,38,1
1597,itwduksz,81166,romanian,valletta,38,0
1598,xbkwsgvl,81167,romanian,valletta,38,1
1599,feuiktwb,81168,romanian,valletta,38,0
1600,zysakcow,81169,romanian,valletta,38,1
1601,vhxudoay,81170,romanian,valletta,38,0
1602,debfglju,81171,romanian,valletta,38,1
1603,hcxioefq,81172,romanian,valletta,38,0
1604,jcwxnvtb,81173,romanian,valletta,38,1
1605,cbyoujzl,81174,romanian,valletta,38,0
1606,jueqboyr,81175,romanian,valletta,38,1
1607,wtfbupjm,81176,romanian,valletta,38,0
1608,juelztik,81177,romanian,valletta,38,1
1609,byrauxkf,81178,romanian,valletta,38,0
1610,rhtouzja,81179,romanian,valletta,38,1
1611,lmwquyfx,81180,romanian,valletta,38,0
1612,rjxcahpf,81181,romanian,valletta,38,1
1613,rwuiasyd,81182,romanian,valletta,38,0
1614,cwetpdri,81183,romanian,valletta,38,1
1615,drjyqztx,81184,romanian,valletta,38,0
1616,xehqryip,81185,romanian,valletta,38,1
1617,yqxcbokd,81186,romanian,valletta,38,0
1618,oztblyjs,81187,romanian,valletta,38,1
1619,sljoipag,81188,romanian,valletta,38,0
1620,ynqdwzuc,81189,romanian,valletta,38,1
1621,rehbdcxt,81190,romanian,valletta,38,0
1622,ktgxnicw,81191,romanian,valletta,38,1
1623,ikhmlvro,81192,romanian,valletta,38,0
1624,stqijzhc,81193,romanian,valletta,38,1
1625,vniogalu,81194,romanian,valletta,38,0
1626,lqeabjwx,81195,romanian,valletta,38,1
1627,yimzpltu,81196,romanian,valletta,38,0
1628,rglcfkut,81197,romanian,valletta,38,1
1629,gpxydmnv,81198,romanian,valletta,38,0
1630,plytuwen,81199,romanian,valletta,38,1
1631,clgpjmax,81200,romanian,valletta,38,0
1632,aextpdiv,81201,romanian,valletta,38,1
1633,xihmspyf,81202,romanian,valletta,38,0
1634,wjczvknm,81203,romanian,valletta,38,1
1635,nxypmwli,81204,romanian,valletta,38,0
1636,enyaubop,81205,romanian,valletta,38,1
1637,unfjdoab,81206,romanian,valletta,38,0
1638,tncojbqw,81207,romanian,valletta,38,1
1639,dkqwcngo,81208,romanian,valletta,38,0
1640,kndpyhal,81209,romanian,valletta,38,1
1641,nbuyiqga,81210,dutch,valletta,22,0
1642,jtfklwog,81211,dutch,valletta,22,1
1643,fgnhklxj,81212,dutch,valletta,22,0
1644,cdtrghfi,81213,dutch,valletta,22,1
1645,mgvebdnf,81214,dutch,valletta,22,0
1646,qsndecjv,81215,dutch,valletta,22,1
1647,plbnqhef,81216,dutch,valletta,22,0
1648,irbhxpeq,81217,dutch,valletta,22,1
1649,zijwoxlk,81218,dutch,valletta,22,0
1650,ptvxofur,81219,dutch,valletta,22,1
1651,kamtqjxo,81220,dutch,valletta,22,0
1652,oadyscmz,81221,dutch,valletta,22,1
1653,rlcbyaxs,81222,dutch,valletta,22,0
1654,htdfwlem,81223,dutch,valletta,22,1
1655,zmwvejox,81224,dutch,valletta,22,0
1656,qocutbiv,81225,dutch,valletta,22,1
1657,zoyebiqf,81226,dutch,valletta,22,0
1658,knemcdws,81227,dutch,valletta,22,1
1659,oawetjsi,81228,dutch,valletta,22,0
1660,vlrizpqc,81229,dutch,valletta,22,1
1661,sxikwfhr,81230,dutch,valletta,22,0
1662,wxuijehq,81231,dutch,valletta,22,1
1663,owcsmelk,81232,dutch,valletta,22,0
1664,bevjiozx,81233,dutch,valletta,22,1
1665,sihtjryz,81234,dutch,valletta,22,0
1666,lycbgmui,81235,dutch,valletta,22,1
1667,zbjvdcys,81236,dutch,valletta,22,0
1668,vjcdebph,81237,dutch,valletta,22,1
1669,unqeyjkb,81238,dutch,valletta,22,0
1670,uqjkrzmd,81239,dutch,valletta,22,1
1671,khozesiv,81240,dutch,valletta,22,0
1672,glycmoan,81241,dutch,valletta,22,1
1673,ayzrvlgm,81242,dutch,valletta,22,0
1674,esoarhwx,81243,dutch,valletta,22,1
1675,bgdlhmqv,81244,dutch,valletta,22,0
1676,kaquvmfr,81245,dutch,valletta,22,1
1677,pqjnkwlx,81246,dutch,valletta,22,0
1678,bjlgoduw,81247,dutch,valletta,22,1
1679,zaijneyh,81248,dutch,valletta,22,0
1680,qdiystzr,81249,dutch,valletta,22,1
1681,igswzumj,81251,dutch,valletta,22,0
1682,zsauhdqo,81253,dutch,valletta,22,1
1683,zagtmwkv,81254,dutch,valletta,22,0
1684,tcuoskjp,81256,dutch,valletta,22,1
1685,mvqkzwca,81258,dutch,valletta,22,0
1686,zowhupna,81260,dutch,valletta,22,1
1687,njzhpaol,81262,dutch,valletta,22,0
1688,eyjlxwri,81264,dutch,valletta,22,1
1689,lyqbpkzr,81265,dutch,valletta,22,0
1690,voqixedu,81267,dutch,valletta,22,1
1691,ebkrvnlx,81269,dutch,valletta,22,0
1692,mbhatrdq,81271,dutch,valletta,22,1
1693,tsmypwvz,81272,dutch,valletta,22,0
1694,qzhrtojp,81273,dutch,valletta,22,1
1695,zvlixprg,81274,dutch,valletta,22,0
1696,gkcymqza,81275,dutch,valletta,22,1
1697,fqtrbgjp,81276,dutch,valletta,22,0
1698,kemajfqx,81277,dutch,valletta,22,1
1699,gukhtlam,81278,dutch,valletta,22,0
1700,jiyewrtc,81279,dutch,valletta,22,1
1701,xogevwah,81280,dutch,valletta,22,0
1702,pinogjfd,81281,dutch,valletta,22,1
1703,qrgepcwj,81282,dutch,valletta,22,0
1704,tfvjlkgp,81283,dutch,valletta,22,1
1705,uylhagct,81284,dutch,valletta,22,0
1706,ymqchial,81285,dutch,valletta,22,1
1707,xlorqyve,81286,dutch,valletta,22,0
1708,vxegizrc,81287,dutch,valletta,22,1
1709,bsivqemp,81288,dutch,valletta,22,0
1710,hlntpvck,81289,dutch,valletta,22,1
1711,pisajhlr,81290,dutch,valletta,22,0
1712,wjdsoiul,81291,dutch,valletta,22,1
1713,guxqjczd,81292,dutch,valletta,22,0
1714,wqignbpr,81293,dutch,valletta,22,1
1715,hndavfmu,81294,dutch,valletta,22,0
1716,dkxasyvc,81295,dutch,valletta,22,1
1717,jprgtiyb,81296,dutch,valletta,22,0
1718,ghbedvwj,81297,dutch,valletta,22,1
1719,rhaumiec,81298,dutch,valletta,22,0
1720,alvjofui,81299,dutch,valletta,22,1
1721,fdhraoij,81300,dutch,valletta,22,0
1722,ltdemoiv,81301,dutch,valletta,22,1
1723,aktryfgi,81302,dutch,valletta,22,0
1724,xzkcgjtn,81303,dutch,valletta,22,1
1725,wkdbquln,81304,dutch,valletta,22,0
1726,kbnldoum,81305,dutch,valletta,22,1
1727,ebrgaohs,81306,dutch,valletta,22,0
1728,awpucqme,81307,dutch,valletta,22,1
1729,hyvauclr,81308,dutch,valletta,22,0
1730,bglfwmxp,81309,dutch,valletta,22,1
1731,hpnkztbg,81310,dutch,valletta,22,0
1732,vbicpjxz,81311,dutch,valletta,22,1
1733,litnxybf,81312,dutch,valletta,22,0
1734,shugykzt,81313,dutch,valletta,22,1
1735,rfzogsnm,81314,dutch,valletta,22,0
1736,lnkazept,81315,dutch,valletta,22,1
1737,xqlpoyjw,81316,dutch,valletta,22,0
1738,ijombsft,81317,dutch,valletta,22,1
1739,wgkzhevu,81318,dutch,valletta,22,0
1740,pvjgfkzm,81319,dutch,valletta,22,1
1741,ytvpghja,81321,austrian,vilnius,2,1
1742,dfxtnpic,81322,belgian,vilnius,2,1
1743,qbmgvapd,81323,bulgarian,vilnius,2,1
1744,gnqtzurh,81324,croatian,vilnius,2,1
1745,vwpszrxh,81325,cypriot,vilnius,2,1
1746,nutwajmi,81326,czech,vilnius,2,1
1747,qwbaxnoh,81327,danish,vilnius,2,1
1748,hpixalej,81328,dutch,vilnius,2,1
1749,blqjzofs,81329,estonian,vilnius,2,1
1750,dbyktofu,81330,finnish,vilnius,2,1
1751,luowynmf,81331,french,vilnius,2,1
1752,ekghqlus,81332,german,vilnius,2,1
1753,mptzsxwl,81333,greek,vilnius,2,1
1754,ujkvlmsg,81334,hungarian,vilnius,2,1
1755,zmcdwjur,81335,irish,vilnius,2,1
1756,lrfiekps,81336,italian,vilnius,2,1
1757,ebcpzurf,81337,latvian,vilnius,2,1
1758,vncwxmyz,81338,lithuanian,vilnius,2,1
1759,cznqaihy,81339,luxembourgish,vilnius,2,1
1760,zdvbphuf,81340,maltese,vilnius,2,1
1761,pyjbxqoz,81341,polish,vilnius,2,1
1762,xdimyhwu,81342,portuguese,vilnius,2,1
1763,wgtdlars,81343,romanian,vilnius,2,1
1764,bvqtgoiy,81344,slovakian,vilnius,2,1
1765,mrbldcqa,81345,slovene,vilnius,2,1
1766,tkslhrpb,81346,spanish,vilnius,2,1
1767,waokgsjh,81347,swedish,vilnius,2,1
1768,zqusboni,81348,austrian,vilnius,2,1
1769,wsyorvcq,81349,belgian,vilnius,2,1
1770,scfhplzr,81350,bulgarian,vilnius,2,1
1771,vchniumo,81351,croatian,vilnius,2,1
1772,yhaqdmvn,81352,cypriot,vilnius,2,1
1773,gkrplqvm,81353,czech,vilnius,2,1
1774,zfabwnpq,81354,danish,vilnius,2,1
1775,tlhfckug,81355,dutch,vilnius,2,1
1776,megxwioz,81356,estonian,vilnius,2,1
1777,dfhwelms,81357,finnish,vilnius,2,1
1778,fomsxryz,81358,french,vilnius,2,1
1779,hjlqveda,81359,german,vilnius,2,1
1780,etjokmnw,81360,greek,vilnius,2,1
1781,qruseknf,81361,hungarian,vilnius,2,1
1782,vxigezky,81362,irish,vilnius,2,1
1783,dhynpfst,81363,italian,vilnius,2,1
1784,dhbsxmwc,81364,latvian,vilnius,2,1
1785,tgcxpeai,81365,lithuanian,vilnius,2,1
1786,umnkdwsh,81366,luxembourgish,vilnius,2,1
1787,juvcreys,81367,maltese,vilnius,2,1
1788,mbgjdxsc,81368,polish,vilnius,2,1
1789,twgveahb,81369,portuguese,vilnius,2,1
1790,wilhkmzb,81370,romanian,vilnius,2,1
1791,hxecjqvt,81371,slovakian,vilnius,2,1
1792,bojsmagx,81372,slovene,vilnius,2,1
1793,hubneapg,81373,spanish,vilnius,2,1
1794,domuagki,81374,swedish,vilnius,2,1
1795,oqhkrupt,81375,austrian,vilnius,2,1
1796,cnbdhtyv,81376,belgian,vilnius,2,1
1797,gkzworhf,81377,bulgarian,vilnius,2,1
1798,arwuntio,81378,croatian,vilnius,2,1
1799,nwobqpzr,81379,cypriot,vilnius,2,1
1800,vabeidux,81380,czech,vilnius,2,1
1801,dtwisunr,81381,danish,vilnius,2,1
1802,jkusatop,81382,dutch,vilnius,2,1
1803,ijdulfyh,81383,estonian,vilnius,2,1
1804,cidanzug,81384,finnish,vilnius,2,1
1805,xpagobjf,81385,french,vilnius,2,1
1806,zvgsipxq,81386,german,vilnius,2,1
1807,tvwqyaip,81387,greek,vilnius,2,1
1808,wqydnoix,81388,hungarian,vilnius,2,1
1809,gbdksfrq,81389,irish,vilnius,2,1
1810,dapwzgtb,81390,italian,vilnius,2,1
1811,igvykrjs,81391,latvian,vilnius,2,1
1812,uhkjsbvl,81392,lithuanian,vilnius,2,1
1813,bidgrtwq,81393,luxembourgish,vilnius,2,1
1814,sieavfhp,81394,maltese,vilnius,2,1
1815,xveqltry,81395,polish,vilnius,2,1
1816,todfqhea,81396,portuguese,vilnius,2,1
1817,urkpdqmj,81397,romanian,vilnius,2,1
1818,uhxmpalj,81398,slovakian,vilnius,2,1
1819,rxdgnbqu,81399,slovene,vilnius,2,1
1820,varmyplb,81400,spanish,vilnius,2,1
1821,tbclnogp,81401,swedish,vilnius,2,1
1822,vigoehup,81402,austrian,vilnius,2,1
1823,jypmvhar,81403,belgian,vilnius,2,1
1824,ybshcump,81404,bulgarian,vilnius,2,1
1825,ovxqdjri,81405,croatian,vilnius,2,1
1826,acjbgndv,81406,cypriot,vilnius,2,1
1827,knxrgizs,81407,czech,vilnius,2,1
1828,yznjgvem,81408,danish,vilnius,2,1
1829,iuhezqlo,81409,dutch,vilnius,2,1
1830,dncsvwtx,81410,estonian,vilnius,2,1
1831,vwxorgnu,81411,finnish,vilnius,2,1
1832,zaebkogd,81412,french,vilnius,2,1
1833,amxckzrb,81413,german,vilnius,2,1
1834,yrlfcgpu,81414,greek,vilnius,2,1
1835,simzjrea,81415,hungarian,vilnius,2,1
1836,bxpjkhdt,81416,irish,vilnius,2,1
1837,byxveqml,81417,italian,vilnius,2,1
1838,mtfzlrix,81418,latvian,vilnius,2,1
1839,ctajswuh,81419,lithuanian,vilnius,2,1
1840,hebuvpjy,81420,luxembourgish,vilnius,2,1
1841,dapneqwg,81421,maltese,vilnius,2,1
1842,dcgbpkox,81422,polish,vilnius,2,1
1843,fostjbhp,81423,portuguese,vilnius,2,1
1844,dktxczjy,81424,romanian,vilnius,2,1
1845,kfdnhpio,81425,slovakian,vilnius,2,1
1846,levbdrxc,81426,slovene,vilnius,2,1
1847,hmezkxpg,81427,spanish,vilnius,2,1
1848,imonlvsu,81428,swedish,vilnius,2,1
1849,osqugnvl,81429,austrian,vilnius,2,1
1850,qpjuaoki,81430,belgian,vilnius,2,1
1851,vjflecru,81431,bulgarian,vilnius,2,1
1852,lpwfjikd,81432,croatian,vilnius,2,1
1853,zamlxbuv,81433,cypriot,vilnius,2,1
1854,fcvnkshr,81434,czech,vilnius,2,1
1855,vwmldjec,81435,danish,vilnius,2,1
1856,qnjurcyg,81436,dutch,vilnius,2,1
1857,ocqaxfbp,81437,estonian,vilnius,2,1
1858,pkoutxcq,81438,finnish,vilnius,2,1
1859,permahsk,81439,french,vilnius,2,1
1860,lwaxztep,81440,german,vilnius,2,1
1861,osuizbaj,81441,greek,vilnius,2,1
1862,ftyvrwuh,81442,hungarian,vilnius,2,1
1863,ibtlxwdf,81443,irish,vilnius,2,1
1864,ofvclmrx,81444,italian,vilnius,2,1
1865,xqlocysm,81445,latvian,vilnius,2,1
1866,hdljryce,81446,lithuanian,vilnius,2,1
1867,yrbcqjgp,81447,luxembourgish,vilnius,2,1
1868,uwkgypxl,81448,maltese,vilnius,2,1
1869,idyvfgxe,81449,polish,vilnius,2,1
1870,mcvaytxp,81450,portuguese,vilnius,2,1
1871,ogminrwt,81451,romanian,vilnius,2,1
1872,npjubyof,81452,slovakian,vilnius,2,1
1873,gnbelwai,81453,slovene,vilnius,2,1
1874,pdxcgobv,81454,spanish,vilnius,2,1
1875,nbdpijec,81455,swedish,vilnius,2,1
1876,dbopwsuj,81456,austrian,vilnius,2,1
1877,rkwnyhzj,81457,belgian,vilnius,2,1
1878,qtysmrgu,81458,bulgarian,vilnius,2,1
1879,grentlxp,81459,croatian,vilnius,2,1
1880,imqrognb,81460,cypriot,vilnius,2,1
1881,afmkdnlx,81461,czech,vilnius,2,1
1882,xbhcarys,81462,danish,vilnius,2,1
1883,tnukdwiq,81463,dutch,vilnius,2,1
1884,kwrebvhf,81464,estonian,vilnius,2,1
1885,ihdatmvl,81465,finnish,vilnius,2,1
1886,xfgtwmnp,81466,french,vilnius,2,1
1887,miufvwyz,81467,german,vilnius,2,1
1888,qxfgrtzb,81468,greek,vilnius,2,1
1889,fmexwzsp,81469,hungarian,vilnius,2,1
1890,opsdbfwl,81470,irish,vilnius,2,1
1891,pdimfjru,81471,italian,vilnius,2,1
1892,estpgcld,81472,latvian,vilnius,2,1
1893,gjezqnus,81473,lithuanian,vilnius,2,1
1894,fupcrsxt,81474,luxembourgish,vilnius,2,1
1895,qplugmwr,81475,maltese,vilnius,2,1
1896,sjyuoabd,81476,polish,vilnius,2,1
1897,raxizygk,81477,portuguese,vilnius,2,1
1898,xmsywgje,81478,romanian,vilnius,2,1
1899,sjzfxoqd,81479,slovakian,vilnius,2,1
1900,wikrbszt,81480,slovene,vilnius,2,1
1901,eaomihgx,81481,spanish,vilnius,2,1
1902,voekzfgh,81482,swedish,vilnius,2,1
1903,ompebqzv,81483,austrian,vilnius,2,1
1904,meucfwdp,81484,belgian,vilnius,2,1
1905,ixplancu,81485,bulgarian,vilnius,2,1
1906,xngqpwyv,81486,croatian,vilnius,2,1
1907,bsodiarn,81487,cypriot,vilnius,2,1
1908,wgnholmp,81488,czech,vilnius,2,1
1909,swfcymag,81489,danish,vilnius,2,1
1910,slartenv,81490,dutch,vilnius,2,1
1911,vxgqibsf,81491,estonian,vilnius,2,1
1912,mvrqpljw,81492,finnish,vilnius,2,1
1913,otncdiqj,81493,french,vilnius,2,1
1914,pbdqatmr,81494,german,vilnius,2,1
1915,fpolxids,81495,greek,vilnius,2,1
1916,xsmyrjvq,81496,hungarian,vilnius,2,1
1917,fsmykcgd,81497,irish,vilnius,2,1
1918,yrocgelj,81498,italian,vilnius,2,1
1919,rcswufjz,81499,latvian,vilnius,2,1
1920,eydcphmq,81500,lithuanian,vilnius,2,1
1921,kplvcmra,81501,luxembourgish,vilnius,2,1
1922,dcurfeis,81502,maltese,vilnius,2,1
1923,qsjiewnz,81503,polish,vilnius,2,1
1924,hldetoyk,81504,portuguese,vilnius,2,1
1925,xmaswvio,81505,romanian,vilnius,2,1
1926,otepcifm,81506,slovakian,vilnius,2,1
1927,ftbimcsk,81507,slovene,vilnius,2,1
1928,iwypmzjg,81508,spanish,vilnius,2,1
1929,udqjgevf,81509,swedish,vilnius,2,1
1930,xhvtgjwk,81510,austrian,vilnius,2,1
1931,ftnxzpwc,81511,belgian,vilnius,2,1
1932,ygqjisrk,81512,bulgarian,vilnius,2,1
1933,oqvtzwex,81513,croatian,vilnius,2,1
1934,eypwubxo,81514,cypriot,vilnius,2,1
1935,mbwxkegd,81515,czech,vilnius,2,1
1936,aqjfurli,81516,danish,vilnius,2,1
1937,ezksvcuj,81517,dutch,vilnius,2,1
1938,ntzykfcw,81518,estonian,vilnius,2,1
1939,mxolngqk,81519,finnish,vilnius,2,1
1940,tnmhjwps,81520,french,vilnius,2,1
1941,fsvzlbtd,81521,german,vilnius,2,1
1942,fexrjqtm,81522,greek,vilnius,2,1
1943,ibwvagts,81523,hungarian,vilnius,2,1
1944,ebhxgzdy,81524,irish,vilnius,2,1
1945,njuqivzb,81525,italian,vilnius,2,1
1946,cadgqvwt,81526,latvian,vilnius,2,1
1947,jlzksima,81527,lithuanian,vilnius,2,1
1948,pcqrjemi,81528,luxembourgish,vilnius,2,1
1949,yuifcjoe,81529,maltese,vilnius,2,1
1950,sxptbdaj,81530,polish,vilnius,2,1
1951,dchgijqf,81531,portuguese,vilnius,2,1
1952,ezqpsaod,81532,romanian,vilnius,2,1
1953,owmtzfba,81533,slovakian,vilnius,2,1
1954,nktescuj,81534,slovene,vilnius,2,1
1955,hfjtsqda,81535,spanish,vilnius,2,1
1956,nvplajhb,81536,swedish,vilnius,2,1
1957,pqfgkxav,81537,austrian,madrid,2,1
1958,liyaomjs,81538,belgian,madrid,2,1
1959,hbzlsfmo,81539,bulgarian,madrid,2,1
1960,zvgbxcky,81540,croatian,madrid,2,1
1961,jwopkaxs,81541,cypriot,madrid,2,1
1962,jlmgtkpb,81542,czech,madrid,2,1
1963,dhxluagp,81543,danish,madrid,2,1
1964,kvlwbate,81544,dutch,madrid,2,1
1965,wubplzfs,81545,estonian,madrid,2,1
1966,pwnzbixa,81546,finnish,madrid,2,1
1967,pcmgsrqe,81547,french,madrid,2,1
1968,abievohj,81548,german,madrid,2,1
1969,yukaolbt,81549,greek,madrid,2,1
1970,jsczvbag,81550,hungarian,madrid,2,1
1971,qavhkzje,81551,irish,madrid,2,1
1972,ovnswglj,81552,italian,madrid,2,1
1973,kajwcnox,81553,latvian,madrid,2,1
1974,unlzxkda,81554,lithuanian,madrid,2,1
1975,gdmijnbp,81555,luxembourgish,madrid,2,1
1976,xftwicgq,81556,maltese,madrid,2,1
1977,qgxazkfm,81557,polish,madrid,2,1
1978,szqpvmoy,81558,portuguese,madrid,2,1
1979,jekpclsf,81559,romanian,madrid,2,1
1980,tyczguxr,81560,slovakian,madrid,2,1
1981,iyzfkrlw,81561,slovene,madrid,2,1
1982,xjopzykr,81562,spanish,madrid,2,1
1983,wqifvkbc,81563,swedish,madrid,2,1
1984,kqcgisrf,81564,romanian,valletta,38,0
1985,hvdlpfnk,81565,romanian,valletta,38,1
1986,hujpqceb,81566,romanian,valletta,38,0
1987,sprtehln,81567,romanian,valletta,38,1
1988,xfwnmsoc,81568,romanian,valletta,38,0
1989,wainlkgb,81569,romanian,valletta,38,1
1990,zdvwnlho,81570,romanian,valletta,38,0
1991,qprkhiod,81571,romanian,valletta,38,1
1992,dgweoshj,81572,romanian,valletta,38,0
1993,ejlkzums,81573,romanian,valletta,38,1
1994,gyjqwkbr,81574,romanian,valletta,38,0
1995,lgdawyuk,81575,romanian,valletta,38,1
1996,yageubzw,81576,french,vilnius,5,0
1997,yageubzw,81576,hungarian,valletta,2,1
1998,uxihsjqt,81577,austrian,paris,21,0
1999,toylievx,81578,swedish,amsterdam,2,0
2000,juslnbvc,81579,hungarian,paris,39,0
2001,pnlzebhr,81580,greek,paris,11,0
2002,xzigjslm,81581,greek,paris,11,1
2003,ufhebjnk,81582,latvian,sofia,16,0
2004,skzeylpm,81583,latvian,sofia,16,1
2005,sdugbvhc,121739,swedish,copenhagen,38,0
2006,nsmtlorw,121745,finnish,rome,4,0
2007,cazdwltq,121746,hungarian,madrid,3,1
2008,sibpekrw,121793,lithuanian,paris,21,0
2009,ejiybfax,121794,finnish,amsterdam,1,1
2010,cshublzg,121795,danish,paris,21,0
2011,kmecvtjb,121796,estonian,vienna,4,0
2012,mvejwads,121797,belgian,madrid,40,1
2013,cixaqzuo,121747,italian,vilnius,3,0
2014,rtvcukfe,121748,romanian,madrid,19,0
2015,yixptacs,122432,swedish,valletta,5,1
2016,uojfgred,122431,irish,madrid,38,0
2017,zxmngsuq,122433,hungarian,madrid,16,0
2018,ryeqapmv,122434,slovene,madrid,4,0
